,"页面URL","访客数(UV)","IP数","贡献浏览量","跳出率","平均访问时长",
,"总计","2,872","2,785","4,765","82.62%"," 00:02:59",
1,"https://jupyter.cn","503","500","1,161","67.38%"," 00:02:51",
2,"http://jupyter.cn","48","48","326","36.49%"," 00:07:32",
3,"http://localhost:4000","9","8","141","22.22%"," 00:25:48",
4,"https://jupyter.cn/2018/11/29/%E6%95%B0%E6%8D%AE%E5%88%86%E6%9E%90%E6%9C%8D%E5%8A%A1-Python-%E5%B9%B3%E7%A8%B3%E5%BA%8F%E5%88%97%E7%9A%84%E7%9F%A2%E9%87%8F%E9%80%92%E6%8E%A8%E9%A2%84%E6%8A%A5.1","6","6","87","83.33%"," 00:11:15",
5,"https://jupyter.cn/2018/11/01/%E6%95%B0%E6%8D%AE%E5%88%86%E6%9E%90%E6%9C%8D%E5%8A%A1-STATA-%E7%AE%80%E5%8D%95%E7%BA%BF%E6%80%A7%E5%9B%9E%E5%BD%92%E6%A8%A1%E5%9E%8B","50","50","62","86%"," 00:02:32",
6,"https://jupyter.cn/2018/05/04/eprime%E5%A4%A7%E9%87%8F%E6%A1%88%E4%BE%8B%E7%A8%8B%E5%BA%8F%E4%B8%8B%E8%BD%BD","48","48","60","87.76%"," 00:03:00",
7,"https://jupyter.cn/2018/10/30/%E6%95%B0%E6%8D%AE%E5%88%86%E6%9E%90%E6%9C%8D%E5%8A%A1-STATA-%E9%9D%9E%E7%BA%BF%E6%80%A7%E5%9B%9E%E5%BD%92","38","38","53","84.62%"," 00:02:19",
8,"https://jupyter.cn/2018/11/16/AmosMplusHLM%E7%BB%93%E6%9E%84%E6%96%B9%E7%A8%8B%E6%A8%A1%E5%9E%8B%E5%A4%9A%E5%B1%82%E7%BA%BF%E6%80%A7%E6%A8%A1%E5%9E%8B%E6%95%B0%E6%8D%AE%E5%88%86%E6%9E%90%E6%9C%8D%E5%8A%A1%E5%92%A8%E8%AF%A2","43","43","50","86.36%"," 00:03:34",
9,"https://jupyter.cn/2019/08/12/questionaire-43775166","16","16","41","76.47%"," 00:01:52",
10,"https://jupyter.cn/2019/08/26/questionaire-44633749","23","24","36","80.77%"," 00:01:24",
11,"https://jupyter.cn/2018/10/29/%E6%95%B0%E6%8D%AE%E5%88%86%E6%9E%90%E6%9C%8D%E5%8A%A1-Python-%E9%9D%9E%E7%BA%BF%E6%80%A7%E5%9B%9E%E5%BD%92","20","20","36","60%"," 00:04:17",
12,"https://jupyter.cn/2019/08/31/questionaire-44891173","5","6","33","42.86%"," 00:08:19",
13,"https://jupyter.cn/2019/06/02/questionaire-38475821","18","18","22","83.33%"," 00:05:49",
14,"https://jupyter.cn/tags/%E9%97%AE%E5%8D%B7%E4%BB%A3%E5%A1%AB","11","11","21","63.64%"," 00:03:29",
15,"https://jupyter.cn/2019/09/20/questionaire-46007953","17","17","21","89.47%"," 00:01:03",
16,"https://jupyter.cn/tags/%E9%97%AE%E5%8D%B7%E5%A4%A7%E5%85%A8","5","5","21","20%"," 00:02:46",
17,"https://jupyter.cn/2019/07/15/questionaire-41103914","13","13","21","84.62%"," 00:01:00",
18,"https://jupyter.cn/2019/06/27/questionaire-41573270","19","19","20","100%"," 00:05:50",
19,"https://jupyter.cn/2018/10/30/%E6%95%B0%E6%8D%AE%E5%88%86%E6%9E%90%E6%9C%8D%E5%8A%A1-STATA-%E6%80%BB%E4%BD%93%E5%9D%87%E6%95%B0%E4%BC%B0%E8%AE%A1","16","16","20","88.24%"," 00:01:35",
20,"https://jupyter.cn/tags/%E4%BA%BA%E5%B7%A5%E5%A1%AB%E9%97%AE%E5%8D%B7","13","13","20","80%"," 00:02:33",
21,"https://jupyter.cn/tags/Eprime","2","2","19","0%"," 00:07:33",
22,"https://jupyter.cn/2019/08/23/questionaire-43592602","1","1","19","0%"," 00:07:25",
23,"https://jupyter.cn/2019/07/09/questionaire-42197836","2","2","19","50%"," 00:09:28",
24,"https://jupyter.cn/2018/10/30/%E6%95%B0%E6%8D%AE%E5%88%86%E6%9E%90%E6%9C%8D%E5%8A%A1-STATA-%E4%BA%A4%E4%BA%92%E6%95%88%E5%BA%94","16","16","18","87.5%"," 00:01:18",
25,"https://jupyter.cn/2019/10/16/questionaire-QzieQf","2","2","18","50%"," 00:14:55",
26,"https://jupyter.cn/2018/11/29/%E6%95%B0%E6%8D%AE%E5%88%86%E6%9E%90%E6%9C%8D%E5%8A%A1-Python-%E7%AE%80%E5%8D%95%E7%BA%BF%E6%80%A7%E5%9B%9E%E5%BD%92%E6%A8%A1%E5%9E%8B.1","15","15","18","80%"," 00:05:28",
27,"https://jupyter.cn/2018/11/27/%E6%95%B0%E6%8D%AE%E5%88%86%E6%9E%90%E6%9C%8D%E5%8A%A1-STATA-%E9%9D%9E%E7%BA%BF%E6%80%A7%E5%9B%9E%E5%BD%92.1","14","14","18","78.57%"," 00:03:12",
28,"https://jupyter.cn/2018/08/31/%E6%95%B0%E6%8D%AE%E5%88%86%E6%9E%90%E6%9C%8D%E5%8A%A1-Python-%E6%A3%80%E9%AA%8C%E5%8A%9F%E6%95%88%E5%87%BD%E6%95%B0","11","11","17","81.82%"," 00:01:42",
29,"https://jupyter.cn/tags/%E5%88%B7%E9%97%AE%E5%8D%B7","8","8","17","37.5%"," 00:05:00",
30,"https://jupyter.cn/2019/10/22/questionaire-47911427","14","14","17","92.86%"," 00:03:48",
31,"https://jupyter.cn/2019/07/24/questionaire-42793389","15","15","17","93.33%"," 00:02:29",
32,"https://jupyter.cn/2019/08/12/questionaire-43684199","10","10","17","72.73%"," 00:02:00",
33,"https://jupyter.cn/2018/08/21/%E6%95%B0%E6%8D%AE%E5%88%86%E6%9E%90%E6%9C%8D%E5%8A%A1-STATA-%E7%A6%BB%E6%95%A3%E5%9E%8B%E9%9A%8F%E6%9C%BA%E5%8F%98%E9%87%8F","13","13","16","76.92%"," 00:01:27",
34,"https://jupyter.cn/archives","3","3","16","66.67%"," 00:01:55",
35,"https://jupyter.cn/2019/07/13/questionaire-42669165","2","2","16","0%"," 00:04:42",
36,"https://jupyter.cn/2019/07/22/questionaire-42725738","13","12","16","92.86%"," 00:04:04",
37,"https://jupyter.cn/2018/10/31/%E6%95%B0%E6%8D%AE%E5%88%86%E6%9E%90%E6%9C%8D%E5%8A%A1-SPSS-%E5%8D%95%E8%B0%83%E5%9B%9E%E5%BD%92","9","10","15","90.91%"," 00:01:41",
38,"https://jupyter.cn/2019/08/08/questionaire-43661829","13","13","15","92.31%"," 00:01:19",
39,"https://jupyter.cn/2018/08/23/%E7%A8%8B%E5%BA%8F%E5%BC%80%E5%8F%91-psychopy-%E8%A7%86%E8%A7%89%E6%8A%80%E8%83%BD%E8%AE%AD%E7%BB%83","2","2","15","50%"," 00:01:52",
40,"http://www.jupyter.cn","2","2","15","50%"," 00:24:37",
41,"https://jupyter.cn/2019/08/18/questionaire-41500034","12","9","15","92.86%"," 00:03:47",
42,"https://jupyter.cn/2019/07/01/questionaire-41314174","10","10","14","80%"," 00:07:44",
43,"https://jupyter.cn/2018/05/04/eprime3-0%E8%AF%95%E7%94%A8%E7%89%88%E5%AE%89%E8%A3%85%E4%BD%93%E9%AA%8C-%E9%99%84%E4%B8%8B%E8%BD%BD%E5%9C%B0%E5%9D%80","8","9","14","81.82%"," 00:05:20",
44,"https://jupyter.cn/2018/08/21/%E6%95%B0%E6%8D%AE%E5%88%86%E6%9E%90%E6%9C%8D%E5%8A%A1-STATA-%E7%BA%BF%E6%80%A7%E8%A7%84%E5%88%92%E6%95%B0%E5%AD%A6%E6%A8%A1%E5%9E%8B","13","13","14","92.31%"," 00:00:55",
45,"https://jupyter.cn/2019/08/16/questionaire-44033553","14","14","14","100%"," 00:01:15",
46,"https://jupyter.cn/2019/08/11/questionaire-43941039","14","5","14","100%"," 00:01:45",
47,"https://jupyter.cn/2019/07/22/questionaire-43056902","10","11","13","91.67%"," 00:04:06",
48,"http://www.mlln.cn","6","6","13","83.33%"," 00:01:01",
49,"https://jupyter.cn/tags/STATA","6","4","12","83.33%"," 00:01:39",
50,"https://jupyter.cn/2019/08/22/questionaire-44257294","12","12","12","100%"," 00:04:29",
51,"https://jupyter.cn/tags/%E5%A4%9A%E5%85%83%E7%BB%9F%E8%AE%A1%E5%88%86%E6%9E%90","4","4","12","50%"," 00:01:53",
52,"https://jupyter.cn/2019/09/04/questionaire-45080703","10","11","12","90.91%"," 00:01:29",
53,"https://jupyter.cn/2019/06/25/questionaire-40976403","10","10","12","80%"," 00:01:10",
54,"https://jupyter.cn/2019/07/31/questionaire-43151992","12","12","12","100%"," 00:02:45",
55,"https://jupyter.cn/2019/07/23/questionaire-42831185","4","5","11","50%"," 00:05:56",
56,"https://jupyter.cn/2019/08/20/questionaire-44304067","2","2","11","50%"," 00:02:55",
57,"https://jupyter.cn/2019/08/18/%E7%BD%91%E7%BB%9C%E9%97%AE%E5%8D%B7%E4%BB%A3%E5%A1%AB-%E6%A0%B7%E6%9C%AC%E6%94%B6%E9%9B%86-%E6%95%B0%E6%8D%AE%E9%87%87%E9%9B%86%E6%9C%8D%E5%8A%A1","6","6","11","66.67%"," 00:02:13",
58,"https://jupyter.cn/2018/08/21/%E6%95%B0%E6%8D%AE%E5%88%86%E6%9E%90%E6%9C%8D%E5%8A%A1-Python-%E7%BA%BF%E6%80%A7%E8%A7%84%E5%88%92%E6%95%B0%E5%AD%A6%E6%A8%A1%E5%9E%8B","6","6","11","33.33%"," 00:02:16",
59,"https://jupyter.cn/2019/08/15/questionaire-44086863","8","8","11","77.78%"," 00:05:19",
60,"https://jupyter.cn/2019/09/12/questionaire-45557314","6","6","11","71.43%"," 00:04:23",
61,"https://jupyter.cn/2019/06/30/questionaire-42104794","9","9","11","90%"," 00:08:50",
62,"https://jupyter.cn/2019/08/05/questionaire-43620788","8","8","11","75%"," 00:10:46",
63,"https://jupyter.cn/2018/08/29/%E7%A8%8B%E5%BA%8F%E5%BC%80%E5%8F%91-Eprime-%E4%BD%8D%E7%BD%AE%E7%BC%96%E7%A0%81","4","5","11","40%"," 00:04:37",
64,"https://jupyter.cn/2018/11/15/%E4%BB%A3%E5%81%9AautodynlammpsMatlab%E4%BB%A3%E5%81%9AGarch-Midas-X%E6%A8%A1%E5%9E%8BDCC-Midas-X%E6%A8%A1%E5%9E%8B","8","8","11","77.78%"," 00:00:54",
65,"https://jupyter.cn/2018/11/01/%E6%95%B0%E6%8D%AE%E5%88%86%E6%9E%90%E6%9C%8D%E5%8A%A1-Eviews-%E4%BA%A4%E4%BA%92%E6%95%88%E5%BA%94","9","9","10","88.89%"," 00:01:15",
66,"https://jupyter.cn/2019/10/13/questionaire-47311427","4","4","10","50%"," 00:09:09",
67,"https://jupyter.cn/2019/09/29/questionaire-46224201","10","10","10","100%"," 00:02:22",
68,"https://jupyter.cn/2019/06/30/questionaire-42131164","5","5","10","66.67%"," 00:07:11",
69,"https://jupyter.cn/2018/08/21/%E6%95%B0%E6%8D%AE%E5%88%86%E6%9E%90%E6%9C%8D%E5%8A%A1-STATA-Zoutendijk%E5%8F%AF%E8%A1%8C%E6%96%B9%E5%90%91%E6%B3%95","8","8","10","88.89%"," 00:03:09",
70,"https://jupyter.cn/2019/08/26/questionaire-44467903","6","6","10","75%"," 00:01:12",
71,"http://www.mlln.cn/2018/08/21/%E6%95%B0%E6%8D%AE%E5%88%86%E6%9E%90%E6%9C%8D%E5%8A%A1-Python-%E5%A4%9A%E9%98%B6%E6%AE%B5%E6%8A%BD%E6%A0%B7","2","2","10","50%"," 00:09:07",
72,"https://jupyter.cn/2018/08/21/%E6%95%B0%E6%8D%AE%E5%88%86%E6%9E%90%E6%9C%8D%E5%8A%A1-Python-%E8%83%8C%E5%8C%85%E9%97%AE%E9%A2%98","9","9","9","100%"," 00:01:34",
73,"https://jupyter.cn/2019/11/08/questionaire-48290834","8","8","9","100%"," 00:02:47",
74,"http://www.jupyter.cn/tags","1","1","9","0%"," 00:00:27",
75,"https://jupyter.cn/2019/10/02/questionaire-46503309","8","6","9","100%"," 00:01:54",
76,"https://jupyter.cn/2018/09/19/%E6%95%B0%E6%8D%AE%E5%88%86%E6%9E%90%E6%9C%8D%E5%8A%A1-STATA-%E7%9B%B4%E6%8E%A5%E5%88%86%E8%A7%A3%E6%B3%95","7","7","9","85.71%"," 00:01:45",
77,"https://jupyter.cn/2019/06/27/questionaire-41840044","9","9","9","100%"," 00:02:16",
78,"https://jupyter.cn/2018/10/31/%E6%95%B0%E6%8D%AE%E5%88%86%E6%9E%90%E6%9C%8D%E5%8A%A1-Python-%E9%A2%91%E5%9F%9F%E5%88%86%E6%9E%90","9","9","9","100%"," 00:01:20",
79,"https://jupyter.cn/2019/07/05/questionaire-42161976","4","4","9","60%"," 00:01:01",
80,"https://jupyter.cn/2019/08/22/questionaire-43974727","5","5","9","66.67%"," 00:09:47",
81,"https://jupyter.cn/2018/09/03/python%E7%88%AC%E8%99%AB%E7%AE%97%E6%B3%95%E4%BB%A3%E5%86%99%E4%BB%A3%E5%81%9Ajava-matlab-r%E8%AF%AD%E8%A8%80-stata%E6%95%B0%E6%8D%AE%E5%88%86%E6%9E%90%E7%95%99%E5%AD%A6%E7%94%9F","9","8","9","100%"," 00:00:48",
82,"https://39.98.50.19","1","1","9","0%"," 00:02:02",
83,"https://jupyter.cn/2019/07/25/questionaire-43160966","9","9","9","100%"," 00:01:16",
84,"https://jupyter.cn/2018/10/31/%E6%95%B0%E6%8D%AE%E5%88%86%E6%9E%90%E6%9C%8D%E5%8A%A1-SPSS-%E5%AD%A3%E8%8A%82%E5%9B%9E%E5%BD%92%E6%A8%A1%E5%9E%8B","4","5","9","50%"," 00:01:34",
85,"https://jupyter.cn/2019/08/04/questionaire-43649633","8","8","8","100%"," 00:04:42",
86,"https://jupyter.cn/2019/08/07/questionaire-43334423","4","5","8","66.67%"," 00:02:31",
87,"https://jupyter.cn/2018/10/30/%E6%95%B0%E6%8D%AE%E5%88%86%E6%9E%90%E6%9C%8D%E5%8A%A1-SPSS-%E7%BA%BF%E6%80%A7%E8%A7%84%E5%88%92%E5%85%B8%E8%8C%83%E5%9E%8B","6","6","8","83.33%"," 00:00:31",
88,"https://jupyter.cn/2019/10/13/questionaire-46692149","8","8","8","100%"," 00:04:49",
89,"https://jupyter.cn/2019/07/15/questionaire-42762601","6","6","8","85.71%"," 00:03:52",
90,"https://jupyter.cn/2019/10/16/questionaire-47414926","8","8","8","100%"," 00:01:11",
91,"https://jupyter.cn/2019/08/22/questionaire-43157752","8","2","8","100%"," 00:02:00",
92,"https://jupyter.cn/2019/08/06/questionaire-43651926","7","4","8","85.71%"," 00:01:21",
93,"https://jupyter.cn/2019/11/08/questionaire-49064200","7","4","8","85.71%"," 00:02:10",
94,"https://jupyter.cn/2019/08/11/questionaire-43862413","8","8","8","100%"," 00:01:35",
95,"https://jupyter.cn/2019/07/13/questionaire-42691134","3","3","8","66.67%"," 00:10:08",
96,"https://jupyter.cn/2019/08/07/questionaire-43753374","8","8","8","100%"," 00:01:44",
97,"https://jupyter.cn/tags/%E6%9C%8D%E5%8A%A1%E5%86%85%E5%AE%B9","3","3","8","75%"," 00:05:46",
98,"https://jupyter.cn/2019/08/27/questionaire-44630564","7","7","8","85.71%"," 00:07:50",
99,"https://jupyter.cn/2019/05/23/questionaire-39445381","7","7","8","85.71%"," 00:05:09",
100,"https://jupyter.cn/2018/09/01/%E6%95%B0%E6%8D%AE%E5%88%86%E6%9E%90%E6%9C%8D%E5%8A%A1-R-%E9%97%A8%E9%99%90%E6%B7%B7%E5%90%88%E5%9B%9E%E5%BD%92%E6%A8%A1%E5%9E%8B","6","6","8","83.33%"," 00:00:35",
101,"https://jupyter.cn/2018/08/21/%E6%95%B0%E6%8D%AE%E5%88%86%E6%9E%90%E6%9C%8D%E5%8A%A1-Eviews-%E8%83%8C%E5%8C%85%E9%97%AE%E9%A2%98","6","6","8","83.33%"," 00:01:18",
102,"https://jupyter.cn/tags/%E9%97%AE%E5%8D%B7%E6%95%B0%E6%8D%AE%E5%88%86%E6%9E%90","3","3","8","33.33%"," 00:17:41",
103,"https://jupyter.cn/2019/08/02/questionaire-42830687","5","5","8","66.67%"," 00:03:34",
104,"https://jupyter.cn/2019/08/02/questionaire-43576021","5","5","8","80%"," 00:01:29",
105,"https://jupyter.cn/2019/07/02/questionaire-42143274","6","7","7","100%"," 00:07:55",
106,"https://jupyter.cn/2019/08/26/questionaire-44495982","5","5","7","60%"," 00:04:40",
107,"https://jupyter.cn/2019/10/06/questionaire-46833881","5","5","7","80%"," 00:02:15",
108,"https://jupyter.cn/2018/11/27/%E6%95%B0%E6%8D%AE%E5%88%86%E6%9E%90%E6%9C%8D%E5%8A%A1-Eviews-%E4%B8%80%E5%85%83%E9%9D%9E%E7%BA%BF%E6%80%A7%E5%9B%9E%E5%BD%92.1","3","3","7","50%"," 00:00:40",
109,"https://jupyter.cn/2019/10/13/questionaire-47274678","7","7","7","100%"," 00:02:16",
110,"https://jupyter.cn/2019/07/08/questionaire-42411203","3","3","7","0%"," 00:02:20",
111,"https://jupyter.cn/2019/09/17/questionaire-45766706","6","6","7","100%"," 00:05:43",
112,"http://jupyter.cn/2019/06/02/questionaire-39516185","2","2","7","0%"," 00:01:04",
113,"https://jupyter.cn/2019/08/22/questionaire-44268204","7","5","7","100%"," 00:01:45",
114,"https://jupyter.cn/2018/10/30/%E6%95%B0%E6%8D%AE%E5%88%86%E6%9E%90%E6%9C%8D%E5%8A%A1-STATA-%E5%AD%A3%E8%8A%82%E5%9B%9E%E5%BD%92%E6%A8%A1%E5%9E%8B","4","5","7","80%"," 00:01:19",
115,"https://jupyter.cn/2019/10/19/questionaire-46211010","7","7","7","100%"," 00:01:54",
116,"https://jupyter.cn/2019/08/21/questionaire-44376055","6","6","7","83.33%"," 00:03:10",
117,"https://jupyter.cn/2019/08/22/questionaire-44364421","4","4","7","80%"," 00:01:11",
118,"https://jupyter.cn/2019/08/19/questionaire-vmaeuy6","4","4","7","50%"," 00:02:10",
119,"https://jupyter.cn/2019/07/04/questionaire-41929677","6","6","6","100%"," 00:03:23",
120,"https://jupyter.cn/2019/06/25/questionaire-41435471","4","2","6","75%"," 00:01:38",
121,"https://jupyter.cn/2019/10/06/questionaire-46869240","1","1","6","50%"," 00:11:00",
122,"https://jupyter.cn/2018/09/01/%E6%95%B0%E6%8D%AE%E5%88%86%E6%9E%90%E6%9C%8D%E5%8A%A1-M-plus-%E7%9B%B4%E7%BA%BF%E7%AD%89%E8%B7%9D%E6%8A%BD%E6%A0%B7","6","6","6","100%"," 00:00:51",
123,"https://jupyter.cn/2019/06/29/questionaire-42045933","6","6","6","100%"," 00:01:07",
124,"https://jupyter.cn/2019/07/22/questionaire-42793558","4","5","6","80%"," 00:01:46",
125,"https://jupyter.cn/2019/08/19/questionaire-44244498","3","3","6","66.67%"," 00:02:16",
126,"https://jupyter.cn/2018/08/21/%E6%95%B0%E6%8D%AE%E5%88%86%E6%9E%90%E6%9C%8D%E5%8A%A1-Python-%E5%AE%B9%E8%AE%B8%E5%9F%9F","2","2","6","0%"," 00:02:00",
127,"https://jupyter.cn/2018/11/29/%E6%95%B0%E6%8D%AE%E5%88%86%E6%9E%90%E6%9C%8D%E5%8A%A1-STATA-%E7%BA%BF%E6%80%A7%E8%A7%84%E5%88%92%E5%85%B8%E8%8C%83%E5%9E%8B.1","6","6","6","100%"," 00:00:30",
128,"https://jupyter.cn/2019/07/08/questionaire-42433068","4","4","6","80%"," 00:01:49",
129,"https://jupyter.cn/2019/06/25/questionaire-41782024","6","6","6","100%"," 00:06:10",
130,"https://jupyter.cn/2019/10/17/questionaire-45704465","6","6","6","100%"," 00:00:59",
131,"https://jupyter.cn/2018/09/01/%E6%95%B0%E6%8D%AE%E5%88%86%E6%9E%90%E6%9C%8D%E5%8A%A1-STATA-%E7%A4%BE%E4%BC%9A%E8%AE%A1%E9%87%8F%E5%AD%A6","6","6","6","100%"," 00:03:44",
132,"https://jupyter.cn/2019/06/25/questionaire-41395617","3","3","6","66.67%"," 00:01:57",
133,"https://jupyter.cn/2019/10/16/questionaire-47518558","5","5","6","100%"," 00:02:00",
134,"https://www.jupyter.cn","6","6","6","100%"," 00:00:01",
135,"https://jupyter.cn/2018/08/31/%E6%95%B0%E6%8D%AE%E5%88%86%E6%9E%90%E6%9C%8D%E5%8A%A1-STATA-%E6%A3%80%E9%AA%8C%E5%8A%9F%E6%95%88%E5%87%BD%E6%95%B0","5","5","6","80%"," 00:03:40",
136,"https://jupyter.cn/2019/10/16/questionaire-47390448","4","4","6","80%"," 00:10:57",
137,"https://jupyter.cn/2018/08/22/%E7%A8%8B%E5%BA%8F%E5%BC%80%E5%8F%91--%E8%AE%A4%E7%9F%A5%E8%A1%8C%E4%B8%BA%E7%9F%AB%E6%AD%A3","3","3","6","33.33%"," 00:07:34",
138,"https://jupyter.cn/2019/08/12/questionaire-43561662","3","3","6","80%"," 00:07:18",
139,"https://jupyter.cn/2018/10/30/%E6%95%B0%E6%8D%AE%E5%88%86%E6%9E%90%E6%9C%8D%E5%8A%A1-Eviews-%E7%AE%80%E5%8D%95%E7%BA%BF%E6%80%A7%E5%9B%9E%E5%BD%92%E6%A8%A1%E5%9E%8B","6","6","6","100%"," 00:01:29",
140,"https://jupyter.cn/2019/08/04/questionaire-26938396","4","4","6","80%"," 00:08:21",
141,"https://jupyter.cn/2018/11/28/%E6%95%B0%E6%8D%AE%E5%88%86%E6%9E%90%E6%9C%8D%E5%8A%A1-Eviews-%E6%80%BB%E4%BD%93%E5%9D%87%E6%95%B0%E4%BC%B0%E8%AE%A1.1","5","5","6","80%"," 00:00:44",
142,"https://jupyter.cn/2019/09/09/questionaire-qqa2uaE","6","6","6","100%"," 00:01:59",
143,"https://jupyter.cn/2019/06/02/questionaire-39200914","3","3","6","80%"," 00:03:22",
144,"https://jupyter.cn/tags/SPSS","6","3","6","100%"," 00:01:22",
145,"https://jupyter.cn/2018/11/29/%E6%95%B0%E6%8D%AE%E5%88%86%E6%9E%90%E6%9C%8D%E5%8A%A1-STATA-%E7%AE%80%E5%8D%95%E7%BA%BF%E6%80%A7%E5%9B%9E%E5%BD%92%E6%A8%A1%E5%9E%8B.1","5","5","6","80%"," 00:00:24",
146,"https://jupyter.cn/tags/%E6%96%B9%E5%B7%AE%E5%88%86%E6%9E%90%E4%B8%8E%E5%9B%9E%E5%BD%92%E5%88%86%E6%9E%90","6","6","6","100%"," 00:00:44",
147,"https://jupyter.cn/2019/09/12/questionaire-45559962","5","5","6","100%"," 00:02:00",
148,"https://jupyter.cn/2019/07/02/questionaire-42188729","5","5","5","100%"," 00:01:16",
149,"https://jupyter.cn/2018/11/29/%E6%95%B0%E6%8D%AE%E5%88%86%E6%9E%90%E6%9C%8D%E5%8A%A1-M-plus-%E6%9E%97%E5%BE%B7%E4%BC%AF%E6%A0%BC-%E8%8E%B1%E7%BB%B4%E4%B8%AD%E5%BF%83%E6%9E%81%E9%99%90%E5%AE%9A%E7%90%86","5","5","5","100%"," 00:00:55",
150,"https://jupyter.cn/2019/10/28/questionaire-44925455","2","2","5","50%"," 00:00:10",
151,"https://jupyter.cn/2019/07/08/questionaire-37485036","5","5","5","100%"," 00:01:45",
152,"https://jupyter.cn/2019/11/06/questionaire-48876639","4","4","5","75%"," 00:00:45",
153,"https://jupyter.cn/2019/09/17/questionaire-45713018","5","5","5","100%"," 00:01:20",
154,"https://jupyter.cn/2018/11/29/%E6%95%B0%E6%8D%AE%E5%88%86%E6%9E%90%E6%9C%8D%E5%8A%A1-Eviews-%E5%87%A0%E4%BD%95%E6%BB%9E%E5%90%8E%E6%A8%A1%E5%9E%8B%E4%BC%B0%E8%AE%A1.1","4","4","5","100%"," 00:07:00",
155,"http://www.jupyter.cn/2019/06/02/questionaire-37946474","1","1","5","0%"," 00:07:23",
156,"https://jupyter.cn/2019/10/17/questionaire-47151821","5","2","5","100%"," 00:01:39",
157,"https://jupyter.cn/2019/08/27/questionaire-44653063","4","4","5","75%"," 00:02:40",
158,"https://jupyter.cn/2019/07/10/questionaire-40661014","5","5","5","100%"," 00:00:39",
159,"https://jupyter.cn/2019/09/04/questionaire-44935641","4","4","5","75%"," 00:01:40",
160,"https://jupyter.cn/2019/08/26/questionaire-44596396","5","5","5","100%"," 00:01:51",
161,"https://jupyter.cn/2019/08/21/questionaire-44353577","4","4","5","75%"," 00:01:06",
162,"https://jupyter.cn/2019/08/14/questionaire-44034767","5","3","5","100%"," 00:02:00",
163,"https://jupyter.cn/2019/09/04/questionaire-43924574","5","5","5","100%"," 00:04:45",
164,"https://jupyter.cn/2019/07/24/questionaire-43089642","5","5","5","100%"," 00:01:37",
165,"https://jupyter.cn/2019/10/09/questionaire-46950652","4","5","5","100%"," 00:01:36",
166,"https://jupyter.cn/2019/07/29/questionaire-43322301","5","5","5","100%"," 00:00:32",
167,"https://jupyter.cn/2019/07/22/questionaire-43029995","5","5","5","100%"," 00:01:02",
168,"https://jupyter.cn/2018/08/21/%E6%95%B0%E6%8D%AE%E5%88%86%E6%9E%90%E6%9C%8D%E5%8A%A1-Python-%E4%B8%80%E5%85%83%E6%9B%B2%E7%BA%BF%E5%9B%9E%E5%BD%92","3","3","5","66.67%"," 00:01:40",
169,"https://jupyter.cn/2018/08/23/%E7%A8%8B%E5%BA%8F%E5%BC%80%E5%8F%91-Eprime-%E8%A7%A6%E7%82%B9","2","2","5","50%"," 00:00:27",
170,"https://jupyter.cn/2019/08/25/questionaire-44506349","2","2","5","75%"," 00:07:41",
171,"https://jupyter.cn/2018/10/30/%E6%95%B0%E6%8D%AE%E5%88%86%E6%9E%90%E6%9C%8D%E5%8A%A1-Python-%E7%9B%B4%E6%8E%A5%E5%88%86%E8%A7%A3%E6%B3%95","5","5","5","100%"," 00:00:45",
172,"https://jupyter.cn/2019/08/27/questionaire-44631739","5","5","5","100%"," 00:01:10",
173,"https://jupyter.cn/2019/10/17/questionaire-47489977","5","5","5","100%"," 00:00:52",
174,"https://jupyter.cn/2018/11/29/%E6%95%B0%E6%8D%AE%E5%88%86%E6%9E%90%E6%9C%8D%E5%8A%A1-STATA-%E4%BA%8C%E9%98%B6%E6%B7%B7%E5%90%88%E4%B8%AD%E5%BF%83%E7%9F%A9","4","4","5","75%"," 00:02:51",
175,"https://jupyter.cn/2019/06/02/questionaire-39495940","4","4","5","100%"," 00:01:36",
176,"https://jupyter.cn/2019/10/17/questionaire-47451478","5","6","5","100%"," 00:01:04",
177,"https://jupyter.cn/2019/09/16/questionaire-45630030","4","4","5","75%"," 00:02:00",
178,"https://jupyter.cn/categories","1","1","5","0%"," 00:20:10",
179,"https://jupyter.cn/2019/08/26/questionaire-44609969","4","4","5","75%"," 00:03:10",
180,"https://jupyter.cn/2019/09/28/questionaire-45907228","5","5","5","100%"," 00:04:06",
181,"https://jupyter.cn/2019/08/26/questionaire-44455878","5","5","5","100%"," 00:00:21",
182,"http://jupyter.cn/tags/%E9%97%AE%E5%8D%B7%E4%BA%92%E5%A1%AB","2","2","5","0%"," 00:00:33",
183,"https://jupyter.cn/2019/08/26/questionaire-44592794","4","4","4","100%"," 00:01:05",
184,"https://jupyter.cn/2019/10/16/questionaire-47557861","4","3","4","100%"," 00:02:00",
185,"https://jupyter.cn/2019/08/16/questionaire-44064113","3","3","4","100%"," 00:00:56",
186,"https://jupyter.cn/2019/08/20/questionaire-44255866","4","2","4","100%"," 00:02:00",
187,"https://jupyter.cn/2018/10/30/%E6%95%B0%E6%8D%AE%E5%88%86%E6%9E%90%E6%9C%8D%E5%8A%A1-Python-%E4%BA%A4%E4%BA%92%E6%95%88%E5%BA%94","3","3","4","66.67%"," 00:01:12",
188,"https://jupyter.cn/2019/08/01/questionaire-43091004","3","3","4","66.67%"," 00:02:41",
189,"https://jupyter.cn/2018/08/22/%E7%A8%8B%E5%BA%8F%E5%BC%80%E5%8F%91--%E8%87%AA%E6%88%91%E5%BC%BA%E5%8C%96","4","4","4","100%"," 00:05:05",
190,"https://jupyter.cn/2019/06/25/questionaire-31497715","4","1","4","100%"," 00:02:00",
191,"https://jupyter.cn/2019/08/12/questionaire-43976017","4","1","4","100%"," 00:02:00",
192,"https://jupyter.cn/2019/10/31/questionaire-48480945","4","4","4","100%"," 00:00:27",
193,"http://jupyter.cn/2019/06/02/questionaire-39347564","1","1","4","0%"," 00:00:14",
194,"https://jupyter.cn/2019/07/22/questionaire-42888526","4","4","4","100%"," 00:05:39",
195,"https://jupyter.cn/2019/08/05/questionaire-43450183","2","2","4","50%"," 00:01:28",
196,"https://jupyter.cn/2019/08/16/questionaire-44179815","4","1","4","100%"," 00:02:00",
197,"https://jupyter.cn/2018/08/31/%E6%95%B0%E6%8D%AE%E5%88%86%E6%9E%90%E6%9C%8D%E5%8A%A1-SAS-%E9%85%8D%E5%AF%B9%E8%AE%A1%E9%87%8F%E8%B5%84%E6%96%99%E6%AF%94%E8%BE%83","4","4","4","100%"," 00:01:09",
198,"https://jupyter.cn/2019/08/01/questionaire-43444434","4","1","4","100%"," 00:02:00",
199,"https://jupyter.cn/2018/10/31/%E6%95%B0%E6%8D%AE%E5%88%86%E6%9E%90%E6%9C%8D%E5%8A%A1-Eviews-%E5%9B%9E%E5%BD%92%E5%B9%B3%E9%9D%A2","3","3","4","66.67%"," 00:01:06",
200,"https://jupyter.cn/2019/08/27/questionaire-44637462","3","3","4","66.67%"," 00:08:00",
201,"http://jupyter.cn/2019/06/30/questionaire-42085386","1","1","4","0%"," 00:00:17",
202,"https://jupyter.cn/2018/11/27/%E6%95%B0%E6%8D%AE%E5%88%86%E6%9E%90%E6%9C%8D%E5%8A%A1-Python-%E9%9D%9E%E7%BA%BF%E6%80%A7%E5%9B%9E%E5%BD%92.1","3","3","4","66.67%"," 00:00:58",
203,"https://jupyter.cn/2019/08/23/questionaire-44101961","4","2","4","100%"," 00:02:00",
204,"https://jupyter.cn/2019/09/12/questionaire-38877224","4","4","4","100%"," 00:01:08",
205,"https://jupyter.cn/2019/08/12/questionaire-43588687","4","4","4","100%"," 00:07:48",
206,"https://jupyter.cn/2019/08/14/questionaire-uimuQnb","4","1","4","100%"," 00:02:00",
207,"https://www.bluestacks.cn","4","4","4","100%"," 00:02:00",
208,"https://jupyter.cn/tags/%E9%97%AE%E5%8D%B7%E4%BA%92%E5%A1%AB","3","3","4","66.67%"," 00:02:47",
209,"https://jupyter.cn/2019/09/27/questionaire-46386257","3","3","4","66.67%"," 00:04:08",
210,"https://jupyter.cn/2019/07/13/questionaire-42717113","4","4","4","100%"," 00:02:00",
211,"https://jupyter.cn/2019/06/02/questionaire-37963292","4","1","4","100%"," 00:02:00",
212,"https://jupyter.cn/2019/07/13/questionaire-42571266","2","2","4","50%"," 00:00:16",
213,"https://jupyter.cn/2019/07/13/questionaire-42521186","4","4","4","100%"," 00:01:06",
214,"https://jupyter.cn/2019/10/22/questionaire-47939075","3","3","4","100%"," 00:05:13",
215,"https://jupyter.cn/2018/11/29/%E6%95%B0%E6%8D%AE%E5%88%86%E6%9E%90%E6%9C%8D%E5%8A%A1-STATA-%E5%87%A0%E4%BD%95%E6%BB%9E%E5%90%8E%E6%A8%A1%E5%9E%8B%E4%BC%B0%E8%AE%A1.1","4","4","4","100%"," 00:02:42",
216,"https://jupyter.cn/2018/08/21/%E6%95%B0%E6%8D%AE%E5%88%86%E6%9E%90%E6%9C%8D%E5%8A%A1-STATA-%E8%B6%85%E5%87%A0%E4%BD%95%E5%88%86%E5%B8%83","3","3","4","66.67%"," 00:01:44",
217,"https://jupyter.cn/2018/08/31/%E6%95%B0%E6%8D%AE%E5%88%86%E6%9E%90%E6%9C%8D%E5%8A%A1-Python-%E7%9B%B4%E7%BA%BF%E7%AD%89%E8%B7%9D%E6%8A%BD%E6%A0%B7","3","3","4","66.67%"," 00:01:05",
218,"https://jupyter.cn/2019/08/08/questionaire-43771062","4","2","4","100%"," 00:02:00",
219,"https://jupyter.cn/2019/07/01/questionaire-40284404","2","2","4","0%"," 00:09:00",
220,"https://jupyter.cn/2019/07/19/questionaire-42646063","4","4","4","100%"," 00:01:30",
221,"https://jupyter.cn/2019/08/11/questionaire-43751491","4","4","4","100%"," 00:00:40",
222,"https://jupyter.cn/2019/08/23/questionaire-44417459","2","2","4","66.67%"," 00:03:23",
223,"https://jupyter.cn/2019/08/23/questionaire-44405929","4","1","4","100%"," 00:02:00",
224,"https://jupyter.cn/2019/08/08/questionaire-43788777","4","2","4","100%"," 00:02:00",
225,"https://jupyter.cn/2019/07/03/questionaire-42165978","3","3","4","66.67%"," 00:02:47",
226,"https://jupyter.cn/2019/07/13/questionaire-41293097","4","1","4","100%"," 00:02:00",
227,"https://jupyter.cn/tags/%E9%97%AE%E5%8D%B7%E4%B8%8B%E8%BD%BD","1","1","4","0%"," 00:00:44",
228,"https://jupyter.cn/2019/08/22/questionaire-44317039","3","3","4","66.67%"," 00:00:45",
229,"https://jupyter.cn/2019/08/19/questionaire-Ib267vH","4","1","4","100%"," 00:02:00",
230,"https://jupyter.cn/2019/07/29/questionaire-43344447","4","4","4","100%"," 00:01:06",
231,"https://jupyter.cn/2019/08/16/questionaire-QVbae2","4","4","4","100%"," 00:02:03",
232,"https://jupyter.cn/2019/09/17/questionaire-45281245","4","4","4","100%"," 00:02:00",
233,"https://jupyter.cn/2019/05/23/questionaire-39560689","4","1","4","100%"," 00:02:00",
234,"https://jupyter.cn/2018/08/21/%E6%95%B0%E6%8D%AE%E5%88%86%E6%9E%90%E6%9C%8D%E5%8A%A1-Python-Zoutendijk%E5%8F%AF%E8%A1%8C%E6%96%B9%E5%90%91%E6%B3%95","4","4","4","100%"," 00:02:00",
235,"https://jupyter.cn/archives/page/2","4","2","4","100%"," 00:02:00",
236,"https://jupyter.cn/2019/08/27/questionaire-44660478","3","3","4","66.67%"," 00:03:02",
237,"https://jupyter.cn/2019/08/15/questionaire-44029953","4","2","4","100%"," 00:02:00",
238,"https://jupyter.cn/2019/08/22/questionaire-44316207","4","2","4","100%"," 00:02:00",
239,"https://jupyter.cn/2019/06/02/questionaire-39333926","4","2","4","100%"," 00:02:00",
240,"https://jupyter.cn/2018/08/21/%E6%95%B0%E6%8D%AE%E5%88%86%E6%9E%90%E6%9C%8D%E5%8A%A1-Python-%E8%B6%85%E5%87%A0%E4%BD%95%E5%88%86%E5%B8%83","4","4","4","100%"," 00:04:39",
241,"https://jupyter.cn/2019/07/10/questionaire-42366528","2","2","4","50%"," 00:08:55",
242,"https://jupyter.cn/2019/07/28/questionaire-43366579","4","4","4","100%"," 00:02:00",
243,"https://jupyter.cn/2018/11/14/Eviews%E4%BB%A3%E5%81%9Astata%E6%95%B0%E6%8D%AE%E5%88%86%E6%9E%90%E6%9C%8D%E5%8A%A1KMV%E6%A8%A1%E5%9E%8Bmatlab%E7%A9%BA%E9%97%B4%E8%AE%A1%E9%87%8Fspss%E6%95%B0%E6%8D%AE%E6%9F%A5%E6%89%BE","2","2","4","50%"," 00:10:37",
244,"http://www.jupyter.cn/categories","1","1","4","0%"," 00:00:20",
245,"https://jupyter.cn/2019/08/10/questionaire-43887341","3","3","4","66.67%"," 00:09:16",
246,"https://jupyter.cn/2019/07/25/questionaire-43158063","3","3","3","100%"," 00:02:00",
247,"https://jupyter.cn/2019/09/28/questionaire-46468010","2","2","3","50%"," 00:14:18",
248,"https://jupyter.cn/2018/08/31/%E6%95%B0%E6%8D%AE%E5%88%86%E6%9E%90%E6%9C%8D%E5%8A%A1-R-%E5%8D%8A%E6%95%B0%E6%95%88%E9%87%8F","2","2","3","50%"," 00:01:51",
249,"https://jupyter.cn/2019/07/24/questionaire-43191127","3","3","3","100%"," 00:02:19",
250,"https://jupyter.cn/2019/07/10/questionaire-42421621","3","3","3","100%"," 00:02:00",
251,"https://jupyter.cn/2019/07/04/questionaire-41160200","3","1","3","100%"," 00:02:00",
252,"https://jupyter.cn/2019/08/21/questionaire-44349223","3","3","3","100%"," 00:00:49",
253,"https://jupyter.cn/2019/10/06/questionaire-46866361","3","3","3","100%"," 00:06:57",
254,"https://jupyter.cn/2018/08/31/%E6%95%B0%E6%8D%AE%E5%88%86%E6%9E%90%E6%9C%8D%E5%8A%A1-SPSS-%E5%8D%8A%E6%95%B0%E6%95%88%E9%87%8F%E5%BA%8F%E8%B4%AF%E6%B3%95","3","3","3","100%"," 00:00:52",
255,"https://jupyter.cn/2019/10/17/questionaire-45094748","1","1","3","0%"," 00:39:31",
256,"https://jupyter.cn/2018/10/30/%E6%95%B0%E6%8D%AE%E5%88%86%E6%9E%90%E6%9C%8D%E5%8A%A1-Eviews-%E4%B8%80%E5%85%83%E9%9D%9E%E7%BA%BF%E6%80%A7%E5%9B%9E%E5%BD%92","1","1","3","0%"," 00:00:53",
257,"https://jupyter.cn/2019/07/01/questionaire-42132830","3","3","3","100%"," 00:01:22",
258,"https://jupyter.cn/tags/%E9%97%AE%E5%8D%B7%E8%B0%83%E6%9F%A5%E5%A1%AB%E5%86%99/page/4","1","1","3","0%"," 00:01:20",
259,"https://jupyter.cn/2019/08/27/questionaire-44347862","3","3","3","100%"," 00:00:11",
260,"https://jupyter.cn/2019/10/07/questionaire-46823726","3","3","3","100%"," 00:02:00",
261,"https://jupyter.cn/2019/10/17/questionaire-47632148","3","3","3","100%"," 00:01:27",
262,"https://jupyter.cn/2019/08/26/questionaire-44610423","3","2","3","100%"," 00:02:00",
263,"https://jupyter.cn/2019/07/22/questionaire-43070882","3","3","3","100%"," 00:02:00",
264,"https://jupyter.cn/2019/07/24/questionaire-43051389","3","3","3","100%"," 00:01:31",
265,"https://jupyter.cn/2019/09/29/questionaire-46522285","2","2","3","50%"," 00:02:11",
266,"https://jupyter.cn/2019/09/20/questionaire-45981926","3","3","3","100%"," 00:03:30",
267,"https://jupyter.cn/2018/11/28/%E6%95%B0%E6%8D%AE%E5%88%86%E6%9E%90%E6%9C%8D%E5%8A%A1-SPSS-%E4%B8%80%E5%85%83%E9%9D%9E%E7%BA%BF%E6%80%A7%E5%9B%9E%E5%BD%92.1","3","3","3","100%"," 00:01:18",
268,"https://jupyter.cn/2019/08/21/questionaire-44326542","3","3","3","100%"," 00:00:21",
269,"https://jupyter.cn/2019/07/22/questionaire-42831480","3","3","3","100%"," 00:01:29",
270,"https://jupyter.cn/2019/08/20/questionaire-44286734","1","1","3","0%"," 00:03:28",
271,"https://jupyter.cn/2018/09/02/%E6%95%B0%E6%8D%AE%E5%88%86%E6%9E%90%E6%9C%8D%E5%8A%A1-STATA-%E5%81%87%E5%9B%9E%E5%BD%92","3","3","3","100%"," 00:01:23",
272,"https://jupyter.cn/2019/08/22/questionaire-44426175","1","1","3","0%"," 00:02:06",
273,"https://jupyter.cn/tags/%E9%97%AE%E5%8D%B7%E7%BD%91","1","1","3","0%"," 00:00:56",
274,"https://jupyter.cn/2018/11/28/%E6%95%B0%E6%8D%AE%E5%88%86%E6%9E%90%E6%9C%8D%E5%8A%A1-SPSS-%E8%80%B6%E8%8C%A8%E8%BF%9E%E7%BB%AD%E6%80%A7%E4%BF%AE%E6%AD%A3","1","1","3","0%"," 00:00:42",
275,"http://jupyter.cn/2019/06/30/questionaire-39667497","1","1","3","0%"," 00:03:10",
276,"https://jupyter.cn/2019/08/23/questionaire-44433502","3","3","3","100%"," 00:04:08",
277,"https://jupyter.cn/2019/07/23/questionaire-42094969","2","2","3","50%"," 00:13:25",
278,"https://jupyter.cn/2019/08/02/questionaire-43457236","3","3","3","100%"," 00:04:37",
279,"https://jupyter.cn/2019/10/22/questionaire-47984312","3","3","3","100%"," 00:11:16",
280,"https://jupyter.cn/2019/10/07/questionaire-46825536","2","2","3","50%"," 00:01:55",
281,"https://jupyter.cn/2019/08/20/questionaire-44128252","3","3","3","100%"," 00:01:16",
282,"https://jupyter.cn/2019/07/15/questionaire-42758570","3","3","3","100%"," 00:00:14",
283,"https://jupyter.cn/2019/08/21/questionaire-44341407","3","3","3","100%"," 00:00:45",
284,"https://jupyter.cn/2019/07/16/questionaire-42790926","2","2","3","50%"," 00:15:38",
285,"https://jupyter.cn/2019/08/31/questionaire-44879375","3","3","3","100%"," 00:01:48",
286,"https://jupyter.cn/2019/10/31/questionaire-48409452","2","2","3","50%"," 00:03:12",
287,"https://jupyter.cn/2019/10/13/questionaire-47244183","3","3","3","100%"," 00:03:29",
288,"https://jupyter.cn/2019/08/08/questionaire-43782739","2","2","3","50%"," 00:02:37",
289,"https://jupyter.cn/2018/08/31/%E6%95%B0%E6%8D%AE%E5%88%86%E6%9E%90%E6%9C%8D%E5%8A%A1-STATA-%E5%8D%8A%E6%95%B0%E6%95%88%E9%87%8F%E7%A7%BB%E5%8A%A8%E5%B9%B3%E5%9D%87%E6%B3%95","3","3","3","100%"," 00:01:31",
290,"https://jupyter.cn/2018/08/21/%E6%95%B0%E6%8D%AE%E5%88%86%E6%9E%90%E6%9C%8D%E5%8A%A1-SAS-%E7%BA%BF%E6%80%A7%E8%A7%84%E5%88%92%E6%95%B0%E5%AD%A6%E6%A8%A1%E5%9E%8B","3","3","3","100%"," 00:00:57",
291,"https://jupyter.cn/2018/09/01/%E6%95%B0%E6%8D%AE%E5%88%86%E6%9E%90%E6%9C%8D%E5%8A%A1-SPSS-%E5%81%87%E5%9B%9E%E5%BD%92","3","3","3","100%"," 00:00:18",
292,"https://jupyter.cn/2018/09/01/%E7%A8%8B%E5%BA%8F%E5%BC%80%E5%8F%91-psychopy-%E4%BD%8D%E7%BD%AE%E7%BC%96%E7%A0%81","3","3","3","100%"," 00:01:34",
293,"https://jupyter.cn/2018/08/31/%E7%A8%8B%E5%BA%8F%E5%BC%80%E5%8F%91-Eprime-%E7%BD%91%E7%8A%B6%E7%BB%93%E6%9E%84","2","2","3","50%"," 00:00:27",
294,"https://jupyter.cn/2018/08/21/%E6%95%B0%E6%8D%AE%E5%88%86%E6%9E%90%E6%9C%8D%E5%8A%A1-Eviews-%E7%A6%BB%E6%95%A3%E5%9E%8B%E9%9A%8F%E6%9C%BA%E5%8F%98%E9%87%8F","1","1","3","0%"," 00:01:24",
295,"https://jupyter.cn/2019/10/17/questionaire-47534360","3","3","3","100%"," 00:01:27",
296,"https://jupyter.cn/2018/11/27/%E6%95%B0%E6%8D%AE%E5%88%86%E6%9E%90%E6%9C%8D%E5%8A%A1-SPSS-%E6%9E%97%E5%BE%B7%E4%BC%AF%E6%A0%BC-%E8%8E%B1%E7%BB%B4%E4%B8%AD%E5%BF%83%E6%9E%81%E9%99%90%E5%AE%9A%E7%90%86","3","3","3","100%"," 00:01:22",
297,"https://jupyter.cn/2019/10/16/questionaire-47490559","3","3","3","100%"," 00:01:32",
298,"https://jupyter.cn/2019/09/02/questionaire-44996839","2","2","3","50%"," 00:18:22",
299,"https://jupyter.cn/2019/07/03/questionaire-42163232","3","3","3","100%"," 00:01:28",
300,"https://jupyter.cn/2018/08/21/%E6%95%B0%E6%8D%AE%E5%88%86%E6%9E%90%E6%9C%8D%E5%8A%A1-STATA-%E4%B8%80%E5%85%83%E6%9B%B2%E7%BA%BF%E5%9B%9E%E5%BD%92","3","3","3","100%"," 00:00:55",
301,"https://jupyter.cn/2018/08/31/%E6%95%B0%E6%8D%AE%E5%88%86%E6%9E%90%E6%9C%8D%E5%8A%A1-SPSS-%E7%9B%B4%E7%BA%BF%E7%AD%89%E8%B7%9D%E6%8A%BD%E6%A0%B7","1","1","3","0%"," 00:00:51",
302,"https://jupyter.cn/2018/11/27/%E6%95%B0%E6%8D%AE%E5%88%86%E6%9E%90%E6%9C%8D%E5%8A%A1-Eviews-%E5%B9%B3%E7%A8%B3%E5%BA%8F%E5%88%97%E7%9A%84%E7%9F%A2%E9%87%8F%E9%80%92%E6%8E%A8%E9%A2%84%E6%8A%A5.1","1","1","3","0%"," 00:00:07",
303,"https://jupyter.cn/2018/10/31/%E6%95%B0%E6%8D%AE%E5%88%86%E6%9E%90%E6%9C%8D%E5%8A%A1-R-%E5%AD%A3%E8%8A%82%E5%9B%9E%E5%BD%92%E6%A8%A1%E5%9E%8B","3","3","3","100%"," 00:00:46",
304,"https://jupyter.cn/2019/08/26/questionaire-44587676","2","2","3","50%"," 00:03:06",
305,"https://jupyter.cn/2019/08/23/questionaire-44462773","3","3","3","100%"," 00:05:08",
306,"https://jupyter.cn/2018/11/27/%E6%95%B0%E6%8D%AE%E5%88%86%E6%9E%90%E6%9C%8D%E5%8A%A1-Eviews-%E5%AD%A3%E8%8A%82%E5%9B%9E%E5%BD%92%E6%A8%A1%E5%9E%8B.1","3","3","3","100%"," 00:01:26",
307,"https://jupyter.cn/2019/07/02/questionaire-42130881","3","3","3","100%"," 00:02:00",
308,"https://jupyter.cn/2019/08/11/questionaire-43940879","3","3","3","100%"," 00:06:38",
309,"https://jupyter.cn/2019/10/06/questionaire-45006160","3","3","3","100%"," 00:02:00",
310,"https://jupyter.cn/2019/08/23/questionaire-IZZ7FfP","3","1","3","100%"," 00:02:00",
311,"https://jupyter.cn/2019/09/28/questionaire-45543236","1","1","3","0%"," 00:01:13",
312,"https://jupyter.cn/2019/07/18/questionaire-42838071","3","3","3","100%"," 00:01:02",
313,"https://jupyter.cn/2019/10/31/questionaire-48634589","3","3","3","100%"," 00:00:47",
314,"https://jupyter.cn/2018/08/21/%E6%95%B0%E6%8D%AE%E5%88%86%E6%9E%90%E6%9C%8D%E5%8A%A1-SPSS-%E7%BA%BF%E6%80%A7%E8%A7%84%E5%88%92%E6%95%B0%E5%AD%A6%E6%A8%A1%E5%9E%8B","3","3","3","100%"," 00:00:12",
315,"https://jupyter.cn/2019/10/06/questionaire-46819846","2","2","3","50%"," 00:02:05",
316,"https://jupyter.cn/2018/10/31/%E6%95%B0%E6%8D%AE%E5%88%86%E6%9E%90%E6%9C%8D%E5%8A%A1-SAS-%E9%A2%91%E5%9F%9F%E5%88%86%E6%9E%90","2","2","3","50%"," 00:01:39",
317,"https://jupyter.cn/2019/07/15/questionaire-42758892","3","3","3","100%"," 00:00:09",
318,"http://jupyter.cn/2019/06/02/questionaire-39459757","1","1","3","0%"," 00:26:54",
319,"https://jupyter.cn/tags/%E9%97%AE%E5%8D%B7%E6%98%9F","3","3","3","100%"," 00:01:21",
320,"https://jupyter.cn/2019/06/29/questionaire-42077420","3","3","3","100%"," 00:01:09",
321,"https://jupyter.cn/2019/09/10/questionaire-45250187","1","1","3","50%"," 00:00:07",
322,"https://jupyter.cn/2019/07/31/questionaire-43450046","3","3","3","100%"," 00:08:59",
323,"https://jupyter.cn/2019/09/29/questionaire-46581471","3","3","3","100%"," 00:03:53",
324,"https://jupyter.cn/2019/07/01/questionaire-41803887","2","2","2","100%"," 00:02:44",
325,"https://jupyter.cn/2019/06/02/questionaire-39507941","2","2","2","100%"," 00:01:11",
326,"https://jupyter.cn/2019/09/17/questionaire-45553826","2","2","2","100%"," 00:00:19",
327,"https://jupyter.cn/2019/08/23/questionaire-44439950","2","2","2","100%"," 00:01:15",
328,"http://jupyter.cn/tags/R","1","1","2","0%"," 00:00:10",
329,"https://jupyter.cn/2019/07/29/questionaire-43355409","2","2","2","100%"," 00:01:22",
330,"https://jupyter.cn/tags/%E6%95%B0%E6%8D%AE%E5%88%86%E6%9E%90","2","2","2","100%"," 00:00:14",
331,"https://jupyter.cn/2018/09/01/%E6%95%B0%E6%8D%AE%E5%88%86%E6%9E%90%E6%9C%8D%E5%8A%A1-STATA-%E7%AE%80%E5%8D%95%E5%81%87%E8%AE%BE","2","2","2","100%"," 00:00:44",
332,"https://jupyter.cn/2019/08/02/questionaire-43544381","2","2","2","100%"," 00:02:00",
333,"https://jupyter.cn/2019/07/05/questionaire-40641117","2","2","2","100%"," 00:01:08",
334,"https://jupyter.cn/2019/08/26/questionaire-44592016","2","2","2","100%"," 00:01:13",
335,"https://jupyter.cn/2019/10/16/questionaire-47042945","2","2","2","100%"," 00:02:00",
336,"https://jupyter.cn/2019/10/17/questionaire-47611517","2","2","2","100%"," 00:01:14",
337,"https://jupyter.cn/2018/08/21/%E6%95%B0%E6%8D%AE%E5%88%86%E6%9E%90%E6%9C%8D%E5%8A%A1-R-%E8%B6%85%E5%87%A0%E4%BD%95%E5%88%86%E5%B8%83","2","2","2","100%"," 00:00:16",
338,"https://jupyter.cn/2018/11/27/%E6%95%B0%E6%8D%AE%E5%88%86%E6%9E%90%E6%9C%8D%E5%8A%A1-SPSS-%E4%B8%AD%E5%BF%83%E6%9E%81%E9%99%90%E5%AE%9A%E7%90%86","2","2","2","100%"," 00:00:21",
339,"https://jupyter.cn/2019/10/22/questionaire-47640298","2","2","2","100%"," 00:00:25",
340,"https://jupyter.cn/2019/08/27/questionaire-44593770","1","1","2","0%"," 00:00:18",
341,"https://jupyter.cn/page/43","1","1","2","0%"," 00:00:51",
342,"https://jupyter.cn/2019/08/04/questionaire-43323466","2","2","2","100%"," 00:01:29",
343,"https://jupyter.cn/2018/11/27/%E6%95%B0%E6%8D%AE%E5%88%86%E6%9E%90%E6%9C%8D%E5%8A%A1-Python-%E8%80%B6%E8%8C%A8%E8%BF%9E%E7%BB%AD%E6%80%A7%E4%BF%AE%E6%AD%A3","2","2","2","100%"," 00:01:35",
344,"https://jupyter.cn/2018/11/29/%E6%95%B0%E6%8D%AE%E5%88%86%E6%9E%90%E6%9C%8D%E5%8A%A1-Python-%E9%A2%91%E5%9F%9F%E5%88%86%E6%9E%90.1","1","2","2","100%"," 00:02:00",
345,"https://jupyter.cn/2019/10/06/questionaire-y2mU7j","2","2","2","100%"," 00:01:11",
346,"https://jupyter.cn/2018/11/27/%E6%95%B0%E6%8D%AE%E5%88%86%E6%9E%90%E6%9C%8D%E5%8A%A1-SPSS-%E7%BA%BF%E6%80%A7%E8%A7%84%E5%88%92%E5%85%B8%E8%8C%83%E5%9E%8B.1","2","2","2","100%"," 00:02:00",
347,"https://jupyter.cn/2019/11/06/questionaire-48640191","2","2","2","100%"," 00:01:15",
348,"https://jupyter.cn/2019/05/28/questionaire-37799910","2","2","2","100%"," 00:02:00",
349,"https://jupyter.cn/2018/10/30/%E6%95%B0%E6%8D%AE%E5%88%86%E6%9E%90%E6%9C%8D%E5%8A%A1-STATA-%E5%8F%8D%E4%B8%89%E8%A7%92%E5%87%BD%E6%95%B0%E7%9A%84%E7%AC%AC%E4%B8%80%E7%B1%BB%E5%85%B3%E7%B3%BB","2","2","2","100%"," 00:01:06",
350,"https://jupyter.cn/2019/08/23/questionaire-44504751","1","1","2","0%"," 00:06:50",
351,"https://jupyter.cn/2019/08/16/questionaire-44037533","1","1","2","0%"," 00:04:43",
352,"https://jupyter.cn/2019/08/02/questionaire-43147241","2","2","2","100%"," 00:01:14",
353,"https://jupyter.cn/2019/10/06/questionaire-46874862","2","2","2","100%"," 00:00:11",
354,"https://jupyter.cn/2018/10/30/%E6%95%B0%E6%8D%AE%E5%88%86%E6%9E%90%E6%9C%8D%E5%8A%A1-Python-%E7%AE%80%E5%8D%95%E7%BA%BF%E6%80%A7%E5%9B%9E%E5%BD%92%E6%A8%A1%E5%9E%8B","2","2","2","100%"," 00:01:29",
355,"https://jupyter.cn/2019/08/25/questionaire-44571008","2","2","2","100%"," 00:01:04",
356,"https://jupyter.cn/2019/09/20/questionaire-45960033","2","2","2","100%"," 00:01:08",
357,"https://jupyter.cn/2019/10/28/questionaire-48421147","2","2","2","100%"," 00:01:34",
358,"https://jupyter.cn/2018/11/14/%E5%AE%9A%E5%88%B6spss%E6%95%B0%E6%8D%AE%E5%88%86%E6%9E%90%E6%9C%8D%E5%8A%A1%E9%97%AE%E5%8D%B7%E8%B0%83%E6%9F%A5amos%E7%BB%93%E6%9E%84%E5%8C%BB%E5%AD%A6stata%E9%87%91%E8%9E%8Deviews%E8%AE%BE%E8%AE%A1","2","2","2","100%"," 00:00:12",
359,"https://jupyter.cn/2019/08/11/questionaire-43939446","2","2","2","100%"," 00:01:49",
360,"https://jupyter.cn/2019/08/21/questionaire-44333550","1","1","2","0%"," 00:17:28",
361,"https://jupyter.cn/2019/10/13/questionaire-35501763","2","2","2","100%"," 00:02:00",
362,"https://jupyter.cn/2018/11/28/%E6%95%B0%E6%8D%AE%E5%88%86%E6%9E%90%E6%9C%8D%E5%8A%A1-STATA-%E8%80%B6%E8%8C%A8%E8%BF%9E%E7%BB%AD%E6%80%A7%E4%BF%AE%E6%AD%A3","2","2","2","100%"," 00:00:19",
363,"https://jupyter.cn/2019/10/12/questionaire-47124177","2","2","2","100%"," 00:02:00",
364,"https://jupyter.cn/2019/08/07/questionaire-43333408","1","1","2","0%"," 00:10:16",
365,"https://jupyter.cn/2019/08/19/questionaire-44267594","2","2","2","100%"," 00:00:24",
366,"https://jupyter.cn/2019/06/27/questionaire-41902147","2","2","2","100%"," 00:01:57",
367,"https://jupyter.cn/2018/09/01/%E6%95%B0%E6%8D%AE%E5%88%86%E6%9E%90%E6%9C%8D%E5%8A%A1-Python-%E5%81%87%E5%9B%9E%E5%BD%92","2","2","2","100%"," 00:01:03",
368,"https://jupyter.cn/2019/07/04/questionaire-42184054","2","2","2","100%"," 00:01:10",
369,"https://jupyter.cn/2019/10/02/questionaire-46762555","1","1","2","100%"," 00:02:00",
370,"https://jupyter.cn/2018/08/24/%E7%A8%8B%E5%BA%8F%E5%BC%80%E5%8F%91-psychopy-%E8%87%AA%E6%88%91%E5%BC%BA%E5%8C%96","1","1","2","0%"," 00:27:42",
371,"https://jupyter.cn/2019/07/22/questionaire-42540502","2","2","2","100%"," 00:00:16",
372,"https://jupyter.cn/2019/06/02/questionaire-38957422","2","2","2","100%"," 00:00:31",
373,"https://jupyter.cn/2019/08/21/questionaire-44281673","1","1","2","0%"," 00:00:48",
374,"https://jupyter.cn/2018/11/27/%E6%95%B0%E6%8D%AE%E5%88%86%E6%9E%90%E6%9C%8D%E5%8A%A1-STATA-%E4%B8%AD%E5%BF%83%E6%9E%81%E9%99%90%E5%AE%9A%E7%90%86","2","2","2","100%"," 00:00:38",
375,"https://jupyter.cn/2019/08/16/questionaire-44194105","2","2","2","100%"," 00:02:00",
376,"https://jupyter.cn/tags/eprime%E4%BB%A3%E5%81%9A","2","2","2","100%"," 00:00:24",
377,"https://jupyter.cn/2018/11/01/%E6%95%B0%E6%8D%AE%E5%88%86%E6%9E%90%E6%9C%8D%E5%8A%A1-SPSS-%E5%9B%9E%E5%BD%92%E5%B9%B3%E9%9D%A2","1","2","2","100%"," 00:02:00",
378,"https://jupyter.cn/2019/07/02/questionaire-42167733","2","2","2","100%"," 00:02:00",
379,"https://jupyter.cn/2018/11/29/%E6%95%B0%E6%8D%AE%E5%88%86%E6%9E%90%E6%9C%8D%E5%8A%A1-SPSS-%E5%87%A0%E4%BD%95%E6%BB%9E%E5%90%8E%E6%A8%A1%E5%9E%8B%E4%BC%B0%E8%AE%A1.1","1","1","2","0%"," 00:00:29",
380,"https://jupyter.cn/2019/11/13/questionaire-47128125","2","2","2","100%"," 00:02:10",
381,"https://jupyter.cn/2018/11/27/%E6%95%B0%E6%8D%AE%E5%88%86%E6%9E%90%E6%9C%8D%E5%8A%A1-R-%E4%BA%8C%E9%98%B6%E6%B7%B7%E5%90%88%E4%B8%AD%E5%BF%83%E7%9F%A9","1","1","2","100%"," 00:12:31",
382,"https://jupyter.cn/2019/07/03/questionaire-42126738","2","2","2","100%"," 00:00:07",
383,"https://jupyter.cn/2019/08/21/questionaire-43593761","1","1","2","0%"," 00:44:32",
384,"https://jupyter.cn/2019/10/17/questionaire-47578076","2","2","2","100%"," 00:01:45",
385,"https://jupyter.cn/2019/10/20/questionaire-47758315","2","2","2","100%"," 00:02:00",
386,"https://jupyter.cn/2019/10/08/questionaire-46620498","1","1","2","100%"," 00:02:00",
387,"https://jupyter.cn/2019/08/12/questionaire-43724309","2","2","2","100%"," 00:01:44",
388,"https://jupyter.cn/2019/08/26/questionaire-44604542","2","2","2","100%"," 00:01:17",
389,"https://jupyter.cn/2019/09/10/questionaire-45366959","2","2","2","100%"," 00:00:17",
390,"https://jupyter.cn/2019/06/27/questionaire-41930604","2","2","2","100%"," 00:03:24",
391,"https://jupyter.cn/2019/10/08/questionaire-46790540","2","2","2","100%"," 00:01:28",
392,"https://jupyter.cn/2018/08/31/%E6%95%B0%E6%8D%AE%E5%88%86%E6%9E%90%E6%9C%8D%E5%8A%A1-STATA-%E7%9B%B4%E7%BA%BF%E7%AD%89%E8%B7%9D%E6%8A%BD%E6%A0%B7","2","2","2","100%"," 00:01:08",
393,"https://jupyter.cn/2019/08/11/questionaire-42773095","2","2","2","100%"," 00:14:46",
394,"https://jupyter.cn/2019/09/20/questionaire-45939679","2","2","2","100%"," 00:04:46",
395,"https://jupyter.cn/2019/10/16/questionaire-47566568","2","2","2","100%"," 00:04:52",
396,"https://jupyter.cn/2019/08/22/questionaire-44195685","1","1","2","0%"," 00:04:57",
397,"https://jupyter.cn/2019/08/22/questionaire-eQ3yyiD","2","2","2","100%"," 00:01:14",
398,"https://jupyter.cn/2019/08/31/questionaire-44901247","2","2","2","100%"," 00:00:46",
399,"https://jupyter.cn/2018/11/27/%E6%95%B0%E6%8D%AE%E5%88%86%E6%9E%90%E6%9C%8D%E5%8A%A1-R-%E8%80%B6%E8%8C%A8%E8%BF%9E%E7%BB%AD%E6%80%A7%E4%BF%AE%E6%AD%A3","2","2","2","100%"," 00:01:02",
400,"https://jupyter.cn/2019/11/13/questionaire-49172699","2","2","2","100%"," 00:01:05",
401,"https://jupyter.cn/2019/08/20/questionaire-44053030","1","1","2","0%"," 00:03:52",
402,"https://jupyter.cn/2019/06/02/questionaire-38950661","2","2","2","100%"," 00:05:43",
403,"https://jupyter.cn/2019/08/20/questionaire-44309041","2","1","2","100%"," 00:02:00",
404,"https://jupyter.cn/2019/08/26/questionaire-44613328","2","2","2","100%"," 00:01:06",
405,"https://jupyter.cn/2019/11/06/questionaire-49030588","2","2","2","100%"," 00:01:04",
406,"https://jupyter.cn/2019/07/19/questionaire-42939682","2","2","2","100%"," 00:01:05",
407,"https://jupyter.cn/2019/08/02/questionaire-43193816","2","2","2","100%"," 00:00:16",
408,"https://jupyter.cn/2019/06/25/questionaire-41848728","2","2","2","100%"," 00:02:35",
409,"https://jupyter.cn/2019/08/27/questionaire-eAZJVvN","1","1","2","0%"," 00:12:04",
410,"https://jupyter.cn/2019/10/22/questionaire-47891066","2","2","2","100%"," 00:02:06",
411,"https://jupyter.cn/2019/08/27/questionaire-44664181","2","2","2","100%"," 00:01:04",
412,"https://jupyter.cn/2019/07/19/questionaire-41995120","2","2","2","100%"," 00:00:11",
413,"https://jupyter.cn/2019/08/21/questionaire-43901551","2","2","2","100%"," 00:03:53",
414,"https://jupyter.cn/2019/08/27/questionaire-41401952","2","2","2","100%"," 00:01:14",
415,"https://jupyter.cn/2018/08/23/%E7%A8%8B%E5%BA%8F%E5%BC%80%E5%8F%91-psychopy-%E9%80%92%E5%A2%9E%E7%B3%BB%E5%88%97","2","2","2","100%"," 00:00:20",
416,"https://jupyter.cn/2018/11/01/%E6%95%B0%E6%8D%AE%E5%88%86%E6%9E%90%E6%9C%8D%E5%8A%A1-SAS-%E7%AE%80%E5%8D%95%E7%BA%BF%E6%80%A7%E5%9B%9E%E5%BD%92%E6%A8%A1%E5%9E%8B","2","2","2","100%"," 00:00:21",
417,"https://jupyter.cn/2019/08/15/questionaire-44084071","2","2","2","100%"," 00:00:22",
418,"https://jupyter.cn/2019/09/17/questionaire-45830342","2","2","2","100%"," 00:02:57",
419,"https://jupyter.cn/2019/05/24/questionaire-39602838","2","1","2","100%"," 00:02:00",
420,"https://jupyter.cn/2018/09/01/%E6%95%B0%E6%8D%AE%E5%88%86%E6%9E%90%E6%9C%8D%E5%8A%A1-Python-%E5%8D%8A%E6%95%B0%E6%95%88%E9%87%8F%E7%82%B9%E6%96%9C%E6%B3%95","2","2","2","100%"," 00:01:06",
421,"https://jupyter.cn/2019/08/06/questionaire-43701479","2","2","2","100%"," 00:02:00",
422,"https://jupyter.cn/2018/11/01/%E6%95%B0%E6%8D%AE%E5%88%86%E6%9E%90%E6%9C%8D%E5%8A%A1-Python-%E5%8D%95%E8%B0%83%E5%9B%9E%E5%BD%92","1","1","2","0%"," 00:10:44",
423,"https://jupyter.cn/2018/11/01/%E6%95%B0%E6%8D%AE%E5%88%86%E6%9E%90%E6%9C%8D%E5%8A%A1-STATA-%E6%A0%BC%E6%8B%89%E5%B8%83%E6%96%AF%E6%A3%80%E9%AA%8C","2","2","2","100%"," 00:00:06",
424,"https://jupyter.cn/2019/08/27/questionaire-jQBfqi6","2","2","2","100%"," 00:02:00",
425,"https://jupyter.cn/2019/10/07/questionaire-46865453","2","2","2","100%"," 00:03:21",
426,"https://jupyter.cn/2019/10/17/questionaire-47642946","2","2","2","100%"," 00:01:03",
427,"https://jupyter.cn/2018/11/28/%E6%95%B0%E6%8D%AE%E5%88%86%E6%9E%90%E6%9C%8D%E5%8A%A1-SAS-%E4%B8%80%E5%85%83%E9%9D%9E%E7%BA%BF%E6%80%A7%E5%9B%9E%E5%BD%92.1","1","1","2","0%"," 00:00:29",
428,"https://jupyter.cn/2018/11/14/spss%E6%95%B0%E6%8D%AE%E5%88%86%E6%9E%90%E6%9C%8D%E5%8A%A1stata%E6%95%B0%E6%8D%AE%E6%9F%A5%E6%89%BEEviewssasmatlabNvivo%E4%BB%A3%E5%81%9A%E7%A7%92%E7%AD%94","1","1","2","0%"," 00:06:42",
429,"https://jupyter.cn/2019/08/25/questionaire-44594746","2","2","2","100%"," 00:02:00",
430,"https://jupyter.cn/2019/08/14/questionaire-40341297","2","2","2","100%"," 00:02:00",
431,"https://jupyter.cn/2019/09/02/questionaire-44972520","2","2","2","100%"," 00:02:20",
432,"https://jupyter.cn/2019/09/04/questionaire-44851107","2","2","2","100%"," 00:01:07",
433,"https://jupyter.cn/2019/08/26/questionaire-44595842","2","2","2","100%"," 00:09:56",
434,"https://jupyter.cn/2019/07/23/questionaire-43078124","2","2","2","100%"," 00:02:00",
435,"https://jupyter.cn/2019/07/24/questionaire-42916621","2","2","2","100%"," 00:01:41",
436,"https://jupyter.cn/2019/08/10/questionaire-43884693","2","1","2","100%"," 00:02:00",
437,"https://jupyter.cn/2019/05/24/questionaire-39755264","2","2","2","100%"," 00:01:08",
438,"https://jupyter.cn/2019/10/06/questionaire-46796968","2","2","2","100%"," 00:01:03",
439,"https://jupyter.cn/2019/07/02/questionaire-42171182","1","1","2","100%"," 00:02:00",
440,"https://jupyter.cn/2019/09/10/questionaire-45436977","2","2","2","100%"," 00:01:16",
441,"https://jupyter.cn/2018/11/15/%E4%BB%A3%E5%81%9A%E8%B4%A2%E5%8A%A1%E6%8A%A5%E8%A1%A8%E6%8A%A5%E5%91%8A%E5%88%86%E6%9E%90%E6%A8%A1%E6%9D%BF%E8%BD%AF%E4%BB%B6excel%E6%95%B0%E6%8D%AE%E6%B5%8B%E7%AE%97%E5%AE%9A%E5%88%B6%E4%BD%9C%E6%9C%8D%E5%8A%A1%E5%A5%BD%E8%AF%84%E6%9C%89%E7%A4%BC","2","2","2","100%"," 00:00:11",
442,"https://jupyter.cn/2019/08/19/questionaire-44095453","2","2","2","100%"," 00:02:00",
443,"https://www.eprime.cn/2019/07/19/questionaire-41995120","2","2","2","100%"," 00:01:05",
444,"https://jupyter.cn/2018/08/21/%E6%95%B0%E6%8D%AE%E5%88%86%E6%9E%90%E6%9C%8D%E5%8A%A1-Eviews-%E6%A0%B7%E6%9C%AC%E5%9D%87%E6%96%B9%E8%BF%9E%E7%BB%AD%E5%B7%AE","2","2","2","100%"," 00:01:03",
445,"https://jupyter.cn/2019/09/02/questionaire-42693421","2","2","2","100%"," 00:01:24",
446,"https://jupyter.cn/2019/08/20/questionaire-YBBZJvQ","2","2","2","100%"," 00:02:00",
447,"https://jupyter.cn/2018/08/21/%E6%95%B0%E6%8D%AE%E5%88%86%E6%9E%90%E6%9C%8D%E5%8A%A1-STATA-%E5%A4%9A%E9%98%B6%E6%AE%B5%E6%8A%BD%E6%A0%B7","2","2","2","100%"," 00:02:00",
448,"https://jupyter.cn/2019/09/17/questionaire-45729314","1","1","1","100%"," 00:00:07",
449,"https://jupyter.cn/2019/08/14/questionaire-43074404","1","1","1","100%"," 00:00:13",
450,"https://jupyter.cn/2018/08/21/%E6%95%B0%E6%8D%AE%E5%88%86%E6%9E%90%E6%9C%8D%E5%8A%A1-SPSS-%E4%B8%80%E5%85%83%E6%9B%B2%E7%BA%BF%E5%9B%9E%E5%BD%92","1","1","1","100%"," 00:00:56",
451,"https://jupyter.cn/2019/08/15/questionaire-43981719","1","1","1","100%"," 00:02:00",
452,"http://jupyter.cn/2018/10/30/%E6%95%B0%E6%8D%AE%E5%88%86%E6%9E%90%E6%9C%8D%E5%8A%A1-Python-%E7%9B%B4%E6%8E%A5%E5%88%86%E8%A7%A3%E6%B3%95","1","1","1","100%"," 00:02:00",
453,"https://jupyter.cn/2019/10/06/questionaire-fuEJz2y","1","1","1","100%"," 00:00:07",
454,"https://jupyter.cn/2019/10/16/questionaire-47499145","1","1","1","100%"," 00:02:00",
455,"https://jupyter.cn/tags/%E7%BB%9F%E8%AE%A1%E5%81%87%E8%AE%BE%E6%A3%80%E9%AA%8C","1","1","1","100%"," 00:00:06",
456,"https://jupyter.cn/2019/09/27/questionaire-46268935","1","1","1","100%"," 00:02:00",
457,"https://jupyter.cn/2018/11/01/%E6%95%B0%E6%8D%AE%E5%88%86%E6%9E%90%E6%9C%8D%E5%8A%A1-Eviews-%E5%87%A0%E4%BD%95%E6%BB%9E%E5%90%8E%E6%A8%A1%E5%9E%8B%E4%BC%B0%E8%AE%A1","1","1","1","100%"," 00:01:13",
458,"https://jupyter.cn/2019/10/23/questionaire-47856461","1","1","1","100%"," 00:02:00",
459,"https://jupyter.cn/2019/09/04/questionaire-45021035","1","1","1","100%"," 00:00:16",
460,"https://jupyter.cn/2019/08/26/questionaire-44621404","1","1","1","100%"," 00:02:00",
461,"https://jupyter.cn/2019/08/22/questionaire-43717171","1","1","1","100%"," 00:02:00",
462,"https://jupyter.cn/2019/06/25/questionaire-41376556","1","1","1","100%"," 00:02:00",
463,"https://jupyter.cn/2019/08/14/questionaire-44027107","1","1","1","100%"," 00:02:00",
464,"https://jupyter.cn/2019/08/22/questionaire-44068242","1","1","1","100%"," 00:02:00",
465,"https://jupyter.cn/2019/07/18/questionaire-42664366","1","1","1","100%"," 00:00:16",
466,"https://jupyter.cn/2019/10/31/questionaire-47241351","1","1","1","100%"," 00:02:00",
467,"https://jupyter.cn/2019/09/04/questionaire-45093961","1","1","1","100%"," 00:01:22",
468,"https://jupyter.cn/2019/10/23/questionaire-juiqMv1","1","1","1","100%"," 00:00:12",
469,"https://jupyter.cn/2019/10/06/questionaire-46848268","1","1","1","100%"," 00:00:06",
470,"https://webcache.googleusercontent.com/search?q=cache:C_fZu0Cx5rAJ:https://jupyter.cn/2019/08/21/questionaire-44097745/+&amp;cd=2&amp;hl=zh-CN&amp;ct=clnk&amp;gl=nl","1","1","1","100%"," 00:02:00",
471,"https://jupyter.cn/2019/06/27/questionaire-41766515","1","1","1","100%"," 00:00:05",
472,"https://jupyter.cn/2019/08/12/questionaire-40551057","1","1","1","100%"," 00:00:53",
473,"https://jupyter.cn/index.html","1","1","1","100%"," 00:00:05",
474,"https://jupyter.cn/2019/09/18/questionaire-45888706","1","1","1","100%"," 00:02:00",
475,"https://jupyter.cn/2018/11/28/%E6%95%B0%E6%8D%AE%E5%88%86%E6%9E%90%E6%9C%8D%E5%8A%A1-R-%E5%AD%A3%E8%8A%82%E5%9B%9E%E5%BD%92%E6%A8%A1%E5%9E%8B.1","1","1","1","100%"," 00:02:00",
476,"https://jupyter.cn/2019/08/16/questionaire-42260182","1","1","1","100%"," 00:02:00",
477,"https://jupyter.cn/2019/09/10/questionaire-43711104","1","1","1","100%"," 00:00:36",
478,"https://jupyter.cn/2019/10/16/questionaire-47387787","1","1","1","100%"," 00:02:00",
479,"https://jupyter.cn/2019/08/11/questionaire-43791119","1","1","1","100%"," 00:02:17",
480,"https://jupyter.cn/2019/08/06/questionaire-43399504","1","1","1","100%"," 00:00:06",
481,"http://jupyter.cn/2018/08/24/%E7%A8%8B%E5%BA%8F%E5%BC%80%E5%8F%91-psychopy-%E5%8A%A8%E4%BD%9C%E6%80%9D%E7%BB%B4","1","1","1","100%"," 00:17:04",
482,"https://jupyter.cn/2019/11/13/questionaire-47681275","1","1","1","100%"," 00:02:00",
483,"https://translate.googleusercontent.com/translate_c?depth=1&amp;hl=zh-TW&amp;prev=search&amp;rurl=translate.google.com&amp;sl=zh-CN&amp;sp=nmt4&amp;u=https://jupyter.cn/2019/10/17/questionaire-47489977/&amp;xid=17259,15700022,15700186,15700191,15700256,15700259,15700262,15700265,15700271,15700283&amp;usg=ALkJrhhkh8ghDDFzSa_CmbwMv92k8TGm2w","1","1","1","100%"," 00:13:19",
484,"https://jupyter.cn/2019/08/16/questionaire-43744070","1","1","1","100%"," 00:00:03",
485,"https://jupyter.cn/2018/08/31/%E6%95%B0%E6%8D%AE%E5%88%86%E6%9E%90%E6%9C%8D%E5%8A%A1-SPSS-%E9%85%8D%E5%AF%B9%E8%AE%A1%E9%87%8F%E8%B5%84%E6%96%99%E6%AF%94%E8%BE%83","1","1","1","100%"," 00:00:21",
486,"https://jupyter.cn/2019/10/16/questionaire-47587307","1","1","1","100%"," 00:07:17",
487,"https://jupyter.cn/2019/05/24/questionaire-39733277","1","1","1","100%"," 00:02:00",
488,"https://jupyter.cn/2019/10/19/questionaire-47754486","1","1","1","100%"," 00:00:19",
489,"https://jupyter.cn/tags/%E6%8B%9B%E8%81%98","1","1","1","100%"," 00:02:00",
490,"https://jupyter.cn/2019/10/17/questionaire-47321001","1","1","1","100%"," 00:05:33",
491,"https://jupyter.cn/2019/10/16/questionaire-47380644","1","1","1","100%"," 00:02:00",
492,"https://jupyter.cn/2019/08/19/questionaire-44250253","1","1","1","100%"," 00:02:00",
493,"https://jupyter.cn/2019/09/17/questionaire-45731856","1","1","1","100%"," 00:02:00",
494,"https://jupyter.cn/2019/08/01/questionaire-42359470","1","1","1","100%"," 00:00:22",
495,"https://jupyter.cn/2019/10/22/questionaire-47659617","1","1","1","100%"," 00:02:00",
496,"https://jupyter.cn/2019/11/06/questionaire-47919325","1","1","1","100%"," 00:00:19",
497,"https://jupyter.cn/2019/10/22/questionaire-48027797","1","1","1","100%"," 00:00:47",
498,"https://jupyter.cn/2019/10/17/questionaire-47609800","1","1","1","100%"," 00:02:00",
499,"https://jupyter.cn/2019/08/16/questionaire-yUR7Z32","1","1","1","100%"," 00:02:00",
500,"https://jupyter.cn/2019/09/17/questionaire-45694656","1","1","1","100%"," 00:00:07",
501,"https://jupyter.cn/2019/08/16/questionaire-43979615","1","1","1","100%"," 00:00:39",
502,"https://jupyter.cn/2019/08/16/questionaire-43983817","1","1","1","100%"," 00:02:00",
503,"https://jupyter.cn/2019/10/06/questionaire-46661546","1","1","1","100%"," 00:01:21",
504,"https://jupyter.cn/2019/07/24/questionaire-43095123","1","1","1","100%"," 00:02:00",
505,"https://jupyter.cn/2018/08/31/%E6%95%B0%E6%8D%AE%E5%88%86%E6%9E%90%E6%9C%8D%E5%8A%A1-STATA-%E5%85%88%E9%AA%8C%E6%A6%82%E7%8E%87","1","1","1","100%"," 00:00:15",
506,"https://jupyter.cn/2019/07/04/questionaire-42266009","1","1","1","100%"," 00:02:00",
507,"https://jupyter.cn/2019/07/19/questionaire-39769405","1","1","1","100%"," 00:00:39",
508,"https://jupyter.cn/2019/10/02/questionaire-46725863","1","1","1","100%"," 00:01:45",
509,"https://jupyter.cn/2018/10/31/%E6%95%B0%E6%8D%AE%E5%88%86%E6%9E%90%E6%9C%8D%E5%8A%A1-M-plus-%E4%BA%A4%E4%BA%92%E6%95%88%E5%BA%94","1","1","1","100%"," 00:02:00",
510,"https://jupyter.cn/2019/07/23/questionaire-42833862","1","1","1","100%"," 00:00:51",
511,"https://jupyter.cn/2019/08/14/questionaire-43821064","1","1","1","100%"," 00:00:12",
512,"https://jupyter.cn/2019/07/10/questionaire-42414041","1","1","1","100%"," 00:00:06",
513,"https://jupyter.cn/2019/08/20/questionaire-44114350","1","1","1","100%"," 00:00:06",
514,"https://jupyter.cn/2019/07/24/questionaire-43142056","1","1","1","100%"," 00:02:00",
515,"https://jupyter.cn/2019/08/16/questionaire-44064492","1","1","1","100%"," 00:00:09",
516,"https://jupyter.cn/2019/09/12/questionaire-45619570","1","1","1","100%"," 00:02:23",
517,"https://jupyter.cn/2019/08/22/questionaire-44372350","1","1","1","100%"," 00:00:13",
518,"https://jupyter.cn/2019/07/23/questionaire-42815506","1","1","1","100%"," 00:00:05",
519,"https://jupyter.cn/2018/09/01/%E6%95%B0%E6%8D%AE%E5%88%86%E6%9E%90%E6%9C%8D%E5%8A%A1-SPSS-%E5%8D%8A%E6%95%B0%E6%95%88%E9%87%8F%E6%A6%82%E7%8E%87%E5%8D%95%E4%BD%8D%E6%B3%95","1","1","1","100%"," 00:00:07",
520,"https://jupyter.cn/2019/10/28/questionaire-48430925","1","1","1","100%"," 00:00:06",
521,"https://jupyter.cn/2018/11/28/%E6%95%B0%E6%8D%AE%E5%88%86%E6%9E%90%E6%9C%8D%E5%8A%A1-STATA-%E6%A6%82%E7%8E%87%E5%88%86%E5%B8%83%E5%AF%86%E5%BA%A6","1","1","1","100%"," 00:00:21",
522,"https://jupyter.cn/2019/07/02/questionaire-39322873","1","1","1","100%"," 00:02:00",
523,"https://jupyter.cn/2019/08/11/questionaire-43837076","1","1","1","100%"," 00:00:14",
524,"https://jupyter.cn/2019/07/04/questionaire-41966753","1","1","1","100%"," 00:00:13",
525,"https://jupyter.cn/2019/09/16/questionaire-45466060","1","1","1","100%"," 00:04:38",
526,"https://jupyter.cn/2019/07/01/questionaire-41695811","1","1","1","100%"," 00:04:04",
527,"https://jupyter.cn/2019/08/31/questionaire-44883381","1","1","1","100%"," 00:02:00",
528,"http://jupyter.cn/2018/08/21/%E6%95%B0%E6%8D%AE%E5%88%86%E6%9E%90%E6%9C%8D%E5%8A%A1-STATA-%E7%BA%BF%E6%80%A7%E8%A7%84%E5%88%92%E6%95%B0%E5%AD%A6%E6%A8%A1%E5%9E%8B","1","1","1","100%"," 00:00:05",
529,"https://jupyter.cn/2018/11/27/%E6%95%B0%E6%8D%AE%E5%88%86%E6%9E%90%E6%9C%8D%E5%8A%A1-SAS-%E8%80%B6%E8%8C%A8%E8%BF%9E%E7%BB%AD%E6%80%A7%E4%BF%AE%E6%AD%A3","1","1","1","100%"," 00:13:30",
530,"https://jupyter.cn/2018/11/27/%E6%95%B0%E6%8D%AE%E5%88%86%E6%9E%90%E6%9C%8D%E5%8A%A1-STATA-%E7%A6%BB%E5%8A%BF%E5%88%86%E6%9E%90.1","1","1","1","100%"," 00:01:53",
531,"https://jupyter.cn/2019/10/08/questionaire-46824469","1","1","1","100%"," 00:02:41",
532,"https://jupyter.cn/2019/09/17/questionaire-45716255","1","1","1","100%"," 00:05:04",
533,"https://jupyter.cn/2019/09/12/questionaire-45548253","1","1","1","100%"," 00:02:00",
534,"https://jupyter.cn/2019/08/27/questionaire-43640533","1","1","1","100%"," 00:02:00",
535,"https://jupyter.cn/2018/11/01/%E6%95%B0%E6%8D%AE%E5%88%86%E6%9E%90%E6%9C%8D%E5%8A%A1-SPSS-%E6%A0%BC%E6%8B%89%E5%B8%83%E6%96%AF%E6%A3%80%E9%AA%8C","1","1","1","100%"," 00:00:08",
536,"https://jupyter.cn/2018/10/30/%E6%95%B0%E6%8D%AE%E5%88%86%E6%9E%90%E6%9C%8D%E5%8A%A1-SPSS-%E4%BA%A4%E4%BA%92%E6%95%88%E5%BA%94","1","1","1","100%"," 00:00:09",
537,"https://jupyter.cn/2019/08/08/questionaire-42375547","1","1","1","100%"," 00:06:06",
538,"https://jupyter.cn/2019/09/27/questionaire-46451229","1","1","1","100%"," 00:01:05",
539,"https://jupyter.cn/2019/08/26/questionaire-44427828","1","1","1","100%"," 00:02:00",
540,"https://jupyter.cn/2019/11/06/questionaire-49119924","1","1","1","100%"," 00:01:08",
541,"http://jupyter.cn/tags","1","1","1","100%"," 00:02:00",
542,"https://jupyter.cn/2019/10/17/%E6%9C%AC%E7%AB%99%E6%8B%9B%E8%81%98%E9%97%AE%E5%8D%B7%E5%A1%AB%E5%86%99%E5%91%98-%E9%97%AE%E5%8D%B7%E6%95%B0%E6%8D%AE%E5%88%86%E6%9E%90%E4%BA%BA%E5%91%98-%E5%85%BC%E8%81%8C","1","1","1","100%"," 00:01:16",
543,"https://jupyter.cn/2019/09/02/questionaire-44993298","1","1","1","100%"," 00:02:00",
544,"https://jupyter.cn/tags/%E9%97%AE%E5%8D%B7%E6%94%B6%E9%9B%86","1","1","1","100%"," 00:00:18",
545,"https://jupyter.cn/2019/09/02/questionaire-45003625","1","1","1","100%"," 00:02:00",
546,"https://jupyter.cn/2019/08/14/questionaire-43677509","1","1","1","100%"," 00:00:22",
547,"https://jupyter.cn/2018/11/01/%E6%95%B0%E6%8D%AE%E5%88%86%E6%9E%90%E6%9C%8D%E5%8A%A1-M-plus-%E4%B8%80%E5%85%83%E9%9D%9E%E7%BA%BF%E6%80%A7%E5%9B%9E%E5%BD%92","1","1","1","100%"," 00:00:05",
548,"http://jupyter.cn/tags/stata","1","1","1","100%"," 00:02:00",
549,"https://jupyter.cn/2019/07/01/questionaire-41929513","1","1","1","100%"," 00:00:07",
550,"https://jupyter.cn/2019/07/24/questionaire-42650671","1","1","1","100%"," 00:03:28",
551,"https://jupyter.cn/tags/Python","1","1","1","100%"," 00:00:51",
552,"https://jupyter.cn/2019/09/20/questionaire-46002408","1","1","1","100%"," 00:00:12",
553,"https://jupyter.cn/2019/10/17/questionaire-46929373","1","1","1","100%"," 00:02:00",
554,"https://jupyter.cn/2019/10/19/questionaire-47807178","1","1","1","100%"," 00:00:26",
555,"https://jupyter.cn/2019/10/06/questionaire-46845709","1","1","1","100%"," 00:00:21",
556,"https://jupyter.cn/2019/11/06/questionaire-49060666","1","1","1","100%"," 00:02:00",
557,"https://jupyter.cn/2019/11/08/questionaire-46978923","1","1","1","100%"," 00:02:00",
558,"https://jupyter.cn/2019/10/16/questionaire-47495390","1","1","1","100%"," 00:01:24",
559,"https://jupyter.cn/2019/08/19/questionaire-vmaeuy6/?tdsourcetag=s_pcqq_aiomsg","1","1","1","100%"," 00:02:00",
560,"https://jupyter.cn/2018/08/21/%E6%95%B0%E6%8D%AE%E5%88%86%E6%9E%90%E6%9C%8D%E5%8A%A1-STATA-%E5%AE%B9%E8%AE%B8%E5%9F%9F","1","1","1","100%"," 00:02:00",
561,"https://jupyter.cn/2019/08/19/questionaire-vmaeuy6/?jdyscene=chat&amp;directUrl=https%3A%2F%2Fjupyter.cn%2F2019%2F08%2F19%2Fquestionaire-vmaeuy6%2F%3Fjdyscene%3Dchat&amp;from=qianniuAndroid&amp;version=7.5.1&amp;ttid=700145%40tbsellerworkbench_android_7.5.1","1","1","1","100%"," 00:02:00",
562,"https://jupyter.cn/2019/09/18/questionaire-45835428","1","1","1","100%"," 00:02:00",
563,"http://jupyter.cn/2018/08/21/%E6%95%B0%E6%8D%AE%E5%88%86%E6%9E%90%E6%9C%8D%E5%8A%A1-STATA-%E5%8E%9F%E5%A7%8B%E5%AF%B9%E5%81%B6%E5%8D%95%E7%BA%AF%E5%BD%A2%E6%B3%95","1","1","1","100%"," 00:00:05",
564,"https://jupyter.cn/2019/10/08/questionaire-46519379","1","1","1","100%"," 00:02:00",
565,"https://jupyter.cn/2019/09/17/questionaire-45722979","1","1","1","100%"," 00:00:07",
566,"https://jupyter.cn/2019/10/13/questionaire-BbAzq2U","1","1","1","100%"," 00:02:00",
567,"https://jupyter.cn/2019/11/06/questionaire-48904583","1","1","1","100%"," 00:00:06",
568,"https://jupyter.cn/2019/09/12/questionaire-45600616","1","1","1","100%"," 00:00:25",
569,"https://jupyter.cn/2019/09/18/questionaire-45648712","1","1","1","100%"," 00:00:34",
570,"https://jupyter.cn/2019/10/28/questionaire-48391715","1","1","1","100%"," 00:00:12",
571,"https://jupyter.cn/2019/10/17/questionaire-47502066","1","1","1","100%"," 00:02:00",
572,"https://jupyter.cn/2019/07/18/questionaire-40229947","1","1","1","100%"," 00:02:00",
573,"https://jupyter.cn/2019/10/20/questionaire-fMJjQzK","1","1","1","100%"," 00:00:05",
574,"https://jupyter.cn/2019/08/07/questionaire-43647668","1","1","1","100%"," 00:00:07",
575,"https://jupyter.cn/2018/10/29/%E6%95%B0%E6%8D%AE%E5%88%86%E6%9E%90%E6%9C%8D%E5%8A%A1-STATA-%E5%9B%9E%E5%BD%92%E5%B9%B3%E9%9D%A2","1","1","1","100%"," 00:00:04",
576,"https://jupyter.cn/2019/10/23/questionaire-48035971","1","1","1","100%"," 00:02:00",
577,"https://jupyter.cn/2019/09/18/questionaire-45524398","1","1","1","100%"," 00:04:31",
578,"http://www.mlln.cn/2019/06/02/questionaire-38933591","1","1","1","100%"," 00:02:00",
579,"https://jupyter.cn/2019/08/08/questionaire-43577103","1","1","1","100%"," 00:02:00",
580,"https://jupyter.cn/2019/08/04/questionaire-43516865","1","1","1","100%"," 00:02:00",
581,"https://jupyter.cn/2018/08/21/%E6%95%B0%E6%8D%AE%E5%88%86%E6%9E%90%E6%9C%8D%E5%8A%A1-M-plus-Zoutendijk%E5%8F%AF%E8%A1%8C%E6%96%B9%E5%90%91%E6%B3%95","1","1","1","100%"," 00:00:10",
582,"https://jupyter.cn/2019/09/12/questionaire-45567333","1","1","1","100%"," 00:00:49",
583,"https://jupyter.cn/2019/10/28/questionaire-48401675","1","1","1","100%"," 00:00:48",
584,"https://jupyter.cn/2019/09/04/questionaire-45129543","1","1","1","100%"," 00:02:00",
585,"https://jupyter.cn/2019/09/20/questionaire-45896581","1","1","1","100%"," 00:00:30",
586,"https://jupyter.cn/2019/08/14/questionaire-43451314","1","1","1","100%"," 00:00:13",
587,"https://jupyter.cn/2019/10/23/questionaire-48086634","1","1","1","100%"," 00:00:09",
588,"https://jupyter.cn/2019/08/22/questionaire-uAnEzq","1","1","1","100%"," 00:02:00",
589,"https://jupyter.cn/2019/09/27/questionaire-44550251","1","1","1","100%"," 00:04:35",
590,"https://jupyter.cn/2019/07/16/questionaire-42754957","1","1","1","100%"," 00:02:00",
591,"https://jupyter.cn/2018/08/21/%E6%95%B0%E6%8D%AE%E5%88%86%E6%9E%90%E6%9C%8D%E5%8A%A1-R-%E8%83%8C%E5%8C%85%E9%97%AE%E9%A2%98","1","1","1","100%"," 00:02:00",
592,"http://www.jupyter.cn/2018/10/30/%E6%95%B0%E6%8D%AE%E5%88%86%E6%9E%90%E6%9C%8D%E5%8A%A1-STATA-%E4%BA%A4%E4%BA%92%E6%95%88%E5%BA%94","1","1","1","100%"," 00:02:35",
593,"https://jupyter.cn/2019/08/05/questionaire-43557239","1","1","1","100%"," 00:02:00",
594,"https://jupyter.cn/2019/10/16/questionaire-46959251","1","1","1","100%"," 00:02:00",
595,"https://jupyter.cn/categories/%E6%95%B0%E6%8D%AE%E5%88%86%E6%9E%90%E6%9C%8D%E5%8A%A1","1","1","1","100%"," 00:02:00",
596,"https://jupyter.cn/2019/10/20/questionaire-47379468","1","1","1","100%"," 00:02:00",
597,"https://jupyter.cn/2019/07/29/questionaire-43241838","1","1","1","100%"," 00:02:00",
598,"https://jupyter.cn/2019/08/20/questionaire-44298948","1","1","1","100%"," 00:02:00",
599,"https://jupyter.cn/2018/10/31/%E6%95%B0%E6%8D%AE%E5%88%86%E6%9E%90%E6%9C%8D%E5%8A%A1-Python-%E5%AD%A3%E8%8A%82%E5%9B%9E%E5%BD%92%E6%A8%A1%E5%9E%8B","1","1","1","100%"," 00:00:15",
600,"https://jupyter.cn/2019/08/26/questionaire-44291916","1","1","1","100%"," 00:00:25",
601,"https://jupyter.cn/2019/10/08/questionaire-46589240","1","1","1","100%"," 00:02:00",
602,"https://jupyter.cn/2019/10/19/questionaire-47809442","1","1","1","100%"," 00:00:31",
603,"https://jupyter.cn/2019/08/27/questionaire-44525960","1","1","1","100%"," 00:00:03",
604,"https://jupyter.cn/2019/08/19/questionaire-43969875","1","1","1","100%"," 00:02:00",
605,"https://jupyter.cn/2018/11/01/%E6%95%B0%E6%8D%AE%E5%88%86%E6%9E%90%E6%9C%8D%E5%8A%A1-R-%E5%9B%9E%E5%BD%92%E5%B9%B3%E9%9D%A2","1","1","1","100%"," 00:00:11",
606,"https://jupyter.cn/2019/10/13/questionaire-46795732","1","1","1","100%"," 00:00:14",
607,"https://jupyter.cn/2019/10/07/questionaire-46789669","1","1","1","100%"," 00:00:44",
608,"https://jupyter.cn/2019/10/07/questionaire-46854789","1","1","1","100%"," 00:02:00",
609,"https://jupyter.cn/2019/06/27/questionaire-41806263","1","1","1","100%"," 00:00:31",
610,"https://jupyter.cn/2019/08/22/questionaire-42916680","1","1","1","100%"," 00:02:00",
611,"https://jupyter.cn/2018/10/29/%E6%95%B0%E6%8D%AE%E5%88%86%E6%9E%90%E6%9C%8D%E5%8A%A1-STATA-%E4%B8%80%E5%85%83%E9%9D%9E%E7%BA%BF%E6%80%A7%E5%9B%9E%E5%BD%92","1","1","1","100%"," 00:02:00",
612,"https://jupyter.cn/2019/10/06/questionaire-46792153","1","1","1","100%"," 00:02:00",
613,"https://jupyter.cn/2019/10/13/questionaire-35482593","1","1","1","100%"," 00:00:31",
614,"https://39.98.50.19/2019/07/19/questionaire-41995120","1","1","1","100%"," 00:00:11",
615,"https://jupyter.cn/2019/08/20/questionaire-43382989","1","1","1","100%"," 00:01:50",
616,"https://jupyter.cn/2019/06/27/questionaire-41383584","1","1","1","100%"," 00:00:10",
617,"https://jupyter.cn/2019/10/28/questionaire-48225698","1","1","1","100%"," 00:00:11",
618,"https://jupyter.cn/2019/10/17/questionaire-47550077","1","1","1","100%"," 00:00:20",
619,"http://www.mlln.cn/2018/11/27/%E6%95%B0%E6%8D%AE%E5%88%86%E6%9E%90%E6%9C%8D%E5%8A%A1-Python-%E6%9E%97%E5%BE%B7%E4%BC%AF%E6%A0%BC-%E8%8E%B1%E7%BB%B4%E4%B8%AD%E5%BF%83%E6%9E%81%E9%99%90%E5%AE%9A%E7%90%86","1","1","1","100%"," 00:08:49",
620,"https://jupyter.cn/2019/07/03/questionaire-42122670","1","1","1","100%"," 00:00:05",
621,"https://jupyter.cn/2019/10/23/%E6%8B%9B%E8%81%98%E9%97%AE%E5%8D%B7%E8%AE%BE%E8%AE%A1%E9%97%AE%E5%8D%B7%E6%94%B6%E9%9B%86%E9%97%AE%E5%8D%B7%E5%88%86%E6%9E%90%E4%BA%BA%E5%91%98","1","1","1","100%"," 00:00:13",
622,"https://jupyter.cn/2019/06/27/questionaire-41423969","1","1","1","100%"," 00:02:00",
623,"http://www.mlln.cn/2018/11/28/%E6%95%B0%E6%8D%AE%E5%88%86%E6%9E%90%E6%9C%8D%E5%8A%A1-R-%E4%B8%80%E4%B8%AA%E6%AD%A3%E6%80%81%E6%80%BB%E4%BD%93%E7%9A%84%E5%8D%8F%E5%B7%AE%E9%98%B5%E6%A3%80%E9%AA%8C","1","1","1","100%"," 00:19:24",
624,"https://jupyter.cn/2019/09/13/questionaire-45632784","1","1","1","100%"," 00:00:10",
625,"https://jupyter.cn/2019/08/12/questionaire-43392737","1","1","1","100%"," 00:00:30",
626,"https://jupyter.cn/tags/%E6%96%B9%E5%B7%AE%E5%88%86%E6%9E%90%C2%B7%E5%A4%9A%E9%87%8D%E6%AF%94%E8%BE%83%C2%B7%E8%AF%95%E9%AA%8C%E8%AE%BE%E8%AE%A1","1","1","1","100%"," 00:00:06",
627,"https://jupyter.cn/2019/09/04/questionaire-45042869","1","1","1","100%"," 00:02:00",
628,"https://jupyter.cn/2019/09/17/questionaire-45398651","1","1","1","100%"," 00:01:19",
629,"https://jupyter.cn/2019/07/08/questionaire-42444423","1","1","1","100%"," 00:19:37",
630,"https://jupyter.cn/2019/08/05/questionaire-43271856","1","1","1","100%"," 00:02:00",
631,"https://jupyter.cn/2019/08/20/questionaire-VraeMn","1","1","1","100%"," 00:00:03",
632,"https://jupyter.cn/2019/09/16/questionaire-eUveem4","1","1","1","100%"," 00:02:00",
633,"https://jupyter.cn/2018/09/01/%E6%95%B0%E6%8D%AE%E5%88%86%E6%9E%90%E6%9C%8D%E5%8A%A1-Eviews-%E5%8D%8A%E6%95%B0%E6%95%88%E9%87%8F","1","1","1","100%"," 00:02:00",
634,"https://jupyter.cn/2019/08/01/questionaire-42945378","1","1","1","100%"," 00:02:00",
635,"https://jupyter.cn/2019/06/27/questionaire-41919015","1","1","1","100%"," 00:13:54",
636,"https://jupyter.cn/2019/09/29/questionaire-46600272","1","1","1","100%"," 00:02:00",
637,"https://jupyter.cn/2019/08/21/questionaire-44071365","1","1","1","100%"," 00:01:50",
638,"https://jupyter.cn/2019/08/04/questionaire-43662812","1","1","1","100%"," 00:00:23",
639,"https://jupyter.cn/2018/08/21/%E6%95%B0%E6%8D%AE%E5%88%86%E6%9E%90%E6%9C%8D%E5%8A%A1-R-%E7%BA%BF%E6%80%A7%E8%A7%84%E5%88%92%E6%95%B0%E5%AD%A6%E6%A8%A1%E5%9E%8B","1","1","1","100%"," 00:00:07",
640,"https://jupyter.cn/2019/10/17/questionaire-47584765","1","1","1","100%"," 00:02:00",
641,"https://jupyter.cn/2019/06/25/questionaire-40736968","1","1","1","100%"," 00:00:18",
642,"https://jupyter.cn/2019/09/17/questionaire-45681242","1","1","1","100%"," 00:02:00",
643,"https://jupyter.cn/tags/M-plus","1","1","1","100%"," 00:02:00",
644,"https://jupyter.cn/2019/09/10/questionaire-45447825","1","1","1","100%"," 00:00:19",
645,"https://jupyter.cn/2018/11/29/%E6%95%B0%E6%8D%AE%E5%88%86%E6%9E%90%E6%9C%8D%E5%8A%A1-Python-%E5%A4%9A%E4%B8%AA%E6%AD%A3%E6%80%81%E6%80%BB%E4%BD%93%E7%9A%84%E5%8D%8F%E5%B7%AE%E9%98%B5%E6%A3%80%E9%AA%8C","1","1","1","100%"," 00:00:08",
646,"https://jupyter.cn/2018/09/02/%E6%95%B0%E6%8D%AE%E5%88%86%E6%9E%90%E6%9C%8D%E5%8A%A1-STATA-%E5%8D%8A%E6%95%B0%E6%95%88%E9%87%8F%E6%A6%82%E7%8E%87%E5%8D%95%E4%BD%8D%E6%B3%95","1","1","1","100%"," 00:00:07",
647,"https://jupyter.cn/2019/08/04/questionaire-43631418","1","1","1","100%"," 00:00:14",
648,"http://jupyter.cn/2018/11/16/AmosMplusHLM%E7%BB%93%E6%9E%84%E6%96%B9%E7%A8%8B%E6%A8%A1%E5%9E%8B%E5%A4%9A%E5%B1%82%E7%BA%BF%E6%80%A7%E6%A8%A1%E5%9E%8B%E6%95%B0%E6%8D%AE%E5%88%86%E6%9E%90%E6%9C%8D%E5%8A%A1%E5%92%A8%E8%AF%A2","1","1","1","100%"," 00:02:13",
649,"http://www.jupyter.cn/tags/amos","1","1","1","100%"," 00:02:00",
650,"https://jupyter.cn/2019/08/26/questionaire-43929411","1","1","1","100%"," 00:00:16",
651,"https://jupyter.cn/2018/11/29/%E6%95%B0%E6%8D%AE%E5%88%86%E6%9E%90%E6%9C%8D%E5%8A%A1-Eviews-%E9%9D%9E%E7%BA%BF%E6%80%A7%E5%9B%9E%E5%BD%92.1","1","1","1","100%"," 00:00:07",
652,"https://jupyter.cn/tags/%E7%90%83%E9%9D%A2%E5%9B%BE%E5%BD%A2","1","1","1","100%"," 00:10:25",
653,"https://jupyter.cn/2019/10/31/questionaire-48709443","1","1","1","100%"," 00:02:00",
654,"https://jupyter.cn/2019/08/20/questionaire-43722953","1","1","1","100%"," 00:02:00",
655,"https://jupyter.cn/2019/09/12/questionaire-45322223","1","1","1","100%"," 00:09:41",
656,"https://jupyter.cn/2019/05/24/questionaire-39733499","1","1","1","100%"," 00:00:07",
657,"https://jupyter.cn/2019/07/19/questionaire-42921565","1","1","1","100%"," 00:00:11",
658,"https://jupyter.cn/2018/11/27/%E6%95%B0%E6%8D%AE%E5%88%86%E6%9E%90%E6%9C%8D%E5%8A%A1-Python-%E5%AD%A3%E8%8A%82%E5%9B%9E%E5%BD%92%E6%A8%A1%E5%9E%8B.1","1","1","1","100%"," 00:01:20",
659,"https://jupyter.cn/2019/08/08/questionaire-43666225","1","1","1","100%"," 00:00:29",
660,"https://jupyter.cn/2019/07/23/questionaire-43074094","1","1","1","100%"," 00:02:04",
661,"https://jupyter.cn/2019/09/10/questionaire-45351235","1","1","1","100%"," 00:02:00",
662,"https://jupyter.cn/2019/08/21/questionaire-43983291","1","1","1","100%"," 00:00:13",
663,"https://jupyter.cn/2019/08/19/questionaire-44284028","1","1","1","100%"," 00:00:10",
664,"https://jupyter.cn/2018/09/02/%E6%95%B0%E6%8D%AE%E5%88%86%E6%9E%90%E6%9C%8D%E5%8A%A1-SAS-%E9%97%A8%E9%99%90%E6%B7%B7%E5%90%88%E5%9B%9E%E5%BD%92%E6%A8%A1%E5%9E%8B","1","1","1","100%"," 00:02:00",
665,"https://jupyter.cn/2019/08/06/questionaire-43680439","1","1","1","100%"," 00:02:00",
666,"https://jupyter.cn/2019/08/19/questionaire-44289164","1","1","1","100%"," 00:02:43",
667,"https://jupyter.cn/2018/09/28/EPRIME%E5%B7%A5%E4%BD%9C%E5%AE%A4spss%E6%95%B0%E6%8D%AE%E5%88%86%E6%9E%90%E6%9C%8D%E5%8A%A1stata%E6%95%B0%E6%8D%AE%E6%9F%A5%E6%89%BEEviewssasmatlabNvivo%E4%BB%A3%E5%81%9A","1","1","1","100%"," 00:00:08",
668,"https://jupyter.cn/2018/11/28/%E6%95%B0%E6%8D%AE%E5%88%86%E6%9E%90%E6%9C%8D%E5%8A%A1-SPSS-%E7%AE%80%E5%8D%95%E7%BA%BF%E6%80%A7%E5%9B%9E%E5%BD%92%E6%A8%A1%E5%9E%8B.1","1","1","1","100%"," 00:00:31",
669,"https://jupyter.cn/2019/09/10/questionaire-45411221","1","1","1","100%"," 00:01:37",
670,"https://jupyter.cn/2019/08/20/questionaire-43407139","1","1","1","100%"," 00:02:00",
671,"https://jupyter.cn/2019/10/06/questionaire-46881966","1","1","1","100%"," 00:02:00",
672,"https://jupyter.cn/2018/08/21/%E6%95%B0%E6%8D%AE%E5%88%86%E6%9E%90%E6%9C%8D%E5%8A%A1-Python-%E5%8E%9F%E5%A7%8B%E5%AF%B9%E5%81%B6%E5%8D%95%E7%BA%AF%E5%BD%A2%E6%B3%95","1","1","1","100%"," 00:00:21",
673,"https://jupyter.cn/2019/06/30/questionaire-42111929","1","1","1","100%"," 00:00:16",
674,"https://jupyter.cn/2019/08/19/questionaire-44265191","1","1","1","100%"," 00:02:00",
675,"https://jupyter.cn/tags/%E6%A0%B7%E6%9C%AC%E6%94%B6%E9%9B%86","1","1","1","100%"," 00:01:12",
676,"https://jupyter.cn/2019/08/14/questionaire-43405033","1","1","1","100%"," 00:02:00",
677,"http://www.mlln.cn/2018/08/31/%E7%A8%8B%E5%BA%8F%E5%BC%80%E5%8F%91-Eprime-%E5%81%A5%E5%BA%B7%E5%BF%83%E7%90%86%E5%AD%A6","1","1","1","100%"," 00:19:09",
678,"https://jupyter.cn/2019/08/15/questionaire-44126781","1","1","1","100%"," 00:08:46",
679,"https://jupyter.cn/2019/08/27/questionaire-44665450","1","1","1","100%"," 00:02:00",
680,"https://jupyter.cn/2019/08/04/questionaire-43501584","1","1","1","100%"," 00:01:49",
681,"https://jupyter.cn/2019/10/06/questionaire-46856229","1","1","1","100%"," 00:00:10",
682,"https://jupyter.cn/2019/08/11/questionaire-43888303","1","1","1","100%"," 00:00:58",
683,"https://jupyter.cn/2019/09/29/questionaire-46099376","1","1","1","100%"," 00:00:09",
684,"https://jupyter.cn/2018/11/01/%E6%95%B0%E6%8D%AE%E5%88%86%E6%9E%90%E6%9C%8D%E5%8A%A1-SAS-%E5%9B%9E%E5%BD%92%E5%B9%B3%E9%9D%A2","1","1","1","100%"," 00:01:52",
685,"https://jupyter.cn/2019/10/19/questionaire-27968048","1","1","1","100%"," 00:18:06",
686,"https://jupyter.cn/2019/10/13/questionaire-47311607","1","1","1","100%"," 00:02:00",
687,"https://jupyter.cn/2019/09/04/questionaire-45073112","1","1","1","100%"," 00:01:24",
688,"https://jupyter.cn/2018/11/28/%E6%95%B0%E6%8D%AE%E5%88%86%E6%9E%90%E6%9C%8D%E5%8A%A1-SAS-%E5%87%A0%E4%BD%95%E6%BB%9E%E5%90%8E%E6%A8%A1%E5%9E%8B%E4%BC%B0%E8%AE%A1.1","1","1","1","100%"," 00:00:16",
689,"https://jupyter.cn/2019/09/04/questionaire-44743591","1","1","1","100%"," 00:02:00",
690,"https://jupyter.cn/2019/10/20/questionaire-47575616","1","1","1","100%"," 00:02:44",
691,"https://jupyter.cn/2019/05/24/questionaire-39743266","1","1","1","100%"," 00:12:47",
692,"https://jupyter.cn/tags/Eviews","1","1","1","100%"," 00:06:44",
693,"https://jupyter.cn/2019/09/04/questionaire-45118747","1","1","1","100%"," 00:02:00",
694,"https://jupyter.cn/2019/08/15/questionaire-44107086","1","1","1","100%"," 00:00:06",
695,"https://jupyter.cn/2019/08/19/questionaire-vmaeuy6/?tdsourcetag=s_pctim_aiomsg","1","1","1","100%"," 00:02:00",
696,"https://jupyter.cn/2019/10/22/questionaire-m6ZZVzs","1","1","1","100%"," 00:02:00",
697,"https://jupyter.cn/2019/09/04/questionaire-IvAZf2","1","1","1","100%"," 00:02:00",
698,"https://jupyter.cn/2019/08/16/questionaire-44116846","1","1","1","100%"," 00:00:37",
699,"https://jupyter.cn/2019/11/06/questionaire-49059114","1","1","1","100%"," 00:01:27",
700,"https://jupyter.cn/2018/11/27/%E6%95%B0%E6%8D%AE%E5%88%86%E6%9E%90%E6%9C%8D%E5%8A%A1-SPSS-%E6%80%BB%E4%BD%93%E5%9D%87%E6%95%B0%E4%BC%B0%E8%AE%A1.1","1","1","1","100%"," 00:02:00",
701,"https://jupyter.cn/2018/08/21/%E6%95%B0%E6%8D%AE%E5%88%86%E6%9E%90%E6%9C%8D%E5%8A%A1-STATA-%E5%8E%9F%E5%A7%8B%E5%AF%B9%E5%81%B6%E5%8D%95%E7%BA%AF%E5%BD%A2%E6%B3%95","1","1","1","100%"," 00:00:42",
702,"https://jupyter.cn/2019/08/16/questionaire-44037842","1","1","1","100%"," 00:00:08",
703,"https://jupyter.cn/2019/06/25/questionaire-41825786","1","1","1","100%"," 00:00:26",
704,"https://jupyter.cn/2018/10/30/%E6%95%B0%E6%8D%AE%E5%88%86%E6%9E%90%E6%9C%8D%E5%8A%A1-SAS-%E5%87%A0%E4%BD%95%E6%BB%9E%E5%90%8E%E6%A8%A1%E5%9E%8B%E4%BC%B0%E8%AE%A1","1","1","1","100%"," 00:00:08",
705,"https://jupyter.cn/2019/08/08/questionaire-43688979","1","1","1","100%"," 00:02:00",
706,"https://jupyter.cn/2019/08/26/questionaire-44587826","1","1","1","100%"," 00:02:00",
707,"https://jupyter.cn/2019/08/10/questionaire-40163953","1","1","1","100%"," 00:02:00",
708,"https://jupyter.cn/tags/%E9%97%AE%E5%8D%B7%E8%B0%83%E6%9F%A5%E5%A1%AB%E5%86%99","1","1","1","100%"," 00:02:00",
709,"https://jupyter.cn/2019/08/27/questionaire-44670763","1","1","1","100%"," 00:00:20",
710,"https://jupyter.cn/tags/R","1","1","1","100%"," 00:00:21",
711,"https://jupyter.cn/2019/08/31/questionaire-44809301","1","1","1","100%"," 00:01:33",
712,"https://jupyter.cn/2019/07/01/questionaire-42071903","1","1","1","100%"," 00:02:00",
713,"https://jupyter.cn/2019/10/07/questionaire-46874650","1","1","1","100%"," 00:02:00",
714,"https://jupyter.cn/2019/07/29/questionaire-42365905","1","1","1","100%"," 00:00:06",
715,"https://jupyter.cn/2019/08/26/questionaire-44590888","1","1","1","100%"," 00:00:07",
716,"https://jupyter.cn/2019/10/28/questionaire-48434711","1","1","1","100%"," 00:00:08",
717,"https://jupyter.cn/2019/08/21/questionaire-44349463","1","1","1","100%"," 00:01:00",
718,"https://jupyter.cn/tags/%E9%97%AE%E5%8D%B7%E8%AE%BE%E8%AE%A1","1","1","1","100%"," 00:00:16",
719,"https://jupyter.cn/2019/10/07/questionaire-46825419","1","2","1","100%"," 00:00:42",
720,"http://www.mlln.cn/2019/05/24/questionaire-39602838","1","1","1","100%"," 00:00:07",
721,"https://jupyter.cn/2019/10/12/questionaire-46861146","1","1","1","100%"," 00:00:06",
722,"https://jupyter.cn/2019/09/12/questionaire-zaEvUv","1","1","1","100%"," 00:02:00",
723,"https://jupyter.cn/2019/07/02/questionaire-42141482","1","1","1","100%"," 00:02:00",
724,"https://jupyter.cn/2019/07/03/questionaire-42186006","1","1","1","100%"," 00:00:04",
725,"https://jupyter.cn/2019/08/26/questionaire-43928636","1","1","1","100%"," 00:00:17",
726,"https://jupyter.cn/2019/07/18/questionaire-42929386","1","1","1","100%"," 00:05:41",
727,"https://jupyter.cn/2019/10/06/questionaire-46848244","1","1","1","100%"," 00:02:00",
728,"https://jupyter.cn/2018/11/26/%E6%95%B0%E6%8D%AE%E5%88%86%E6%9E%90%E6%9C%8D%E5%8A%A1-SPSS-%E9%9D%9E%E7%BA%BF%E6%80%A7%E5%9B%9E%E5%BD%92.1","1","1","1","100%"," 00:02:00",
729,"https://jupyter.cn/2019/08/15/questionaire-44099029","1","1","1","100%"," 00:00:11",
730,"https://jupyter.cn/2019/08/25/questionaire-44575064","1","1","1","100%"," 00:00:19",
731,"https://jupyter.cn/2019/10/16/questionaire-47534357","1","1","1","100%"," 00:00:22",
732,"https://jupyter.cn/2019/09/09/questionaire-45410112","1","1","1","100%"," 00:00:23",
733,"https://jupyter.cn/2019/09/27/questionaire-45389697","1","1","1","100%"," 00:02:00",
734,"https://jupyter.cn/tags/psychopy","1","1","1","100%"," 00:02:00",
735,"https://jupyter.cn/2019/08/26/questionaire-39513001","1","1","1","100%"," 00:00:19",
736,"https://jupyter.cn/2019/08/18/questionaire-38774647","1","1","1","100%"," 00:02:00",
737,"https://jupyter.cn/2019/10/13/questionaire-6zMvqmT","1","1","1","100%"," 00:00:15",
738,"https://jupyter.cn/2018/11/27/%E6%95%B0%E6%8D%AE%E5%88%86%E6%9E%90%E6%9C%8D%E5%8A%A1-SAS-%E4%B8%AD%E5%BF%83%E6%9E%81%E9%99%90%E5%AE%9A%E7%90%86","1","1","1","100%"," 00:00:12",
739,"https://jupyter.cn/2019/08/22/questionaire-43753525","1","1","1","100%"," 00:12:42",
740,"https://jupyter.cn/2019/08/26/questionaire-44633749/?clicktime=1575084708&amp;enterid=1575084708","1","1","1","100%"," 00:00:18",
741,"https://jupyter.cn/2019/08/16/questionaire-44146105","1","1","1","100%"," 00:19:32",
742,"https://jupyter.cn/2019/09/10/questionaire-45306122","1","1","1","100%"," 00:02:00",
743,"https://jupyter.cn/2018/11/27/%E6%95%B0%E6%8D%AE%E5%88%86%E6%9E%90%E6%9C%8D%E5%8A%A1-SAS-%E6%80%BB%E4%BD%93%E5%9D%87%E6%95%B0%E4%BC%B0%E8%AE%A1.1","1","1","1","100%"," 00:02:00",
744,"https://jupyter.cn/2019/07/25/questionaire-43178865","1","1","1","100%"," 00:00:19",
745,"https://jupyter.cn/2019/06/27/questionaire-41662108","1","1","1","100%"," 00:02:00",
746,"https://jupyter.cn/2018/09/01/%E6%95%B0%E6%8D%AE%E5%88%86%E6%9E%90%E6%9C%8D%E5%8A%A1-Python-%E9%97%A8%E9%99%90%E6%B7%B7%E5%90%88%E5%9B%9E%E5%BD%92%E6%A8%A1%E5%9E%8B","1","1","1","100%"," 00:00:24",
747,"https://jupyter.cn/2019/10/17/questionaire-47583602","1","1","1","100%"," 00:23:20",
748,"https://eprime.cn/2019/07/19/questionaire-41995120","1","1","1","100%"," 00:00:10",
749,"https://jupyter.cn/2019/08/04/questionaire-42669648","1","1","1","100%"," 00:02:00",
750,"https://jupyter.cn/2019/10/08/questionaire-46751198","1","1","1","100%"," 00:12:55",
751,"https://jupyter.cn/2019/08/02/questionaire-42765845","1","1","1","100%"," 00:00:23",
752,"https://jupyter.cn/2019/08/27/questionaire-44387338","1","1","1","100%"," 00:02:00",
753,"https://jupyter.cn/2019/09/17/questionaire-34541473","1","1","1","100%"," 00:00:33",
754,"https://jupyter.cn/page/18","1","1","1","100%"," 00:00:09",
755,"https://jupyter.cn/2019/10/19/questionaire-42358666","1","1","1","100%"," 00:08:47",
756,"http://jupyter.cn/tags/%E7%BB%9F%E8%AE%A1%E7%9A%84%E4%B8%80%E8%88%AC%E7%90%86%E8%AE%BA%E5%92%8C%E6%96%B9%E6%B3%95","1","1","1","100%"," 00:00:27",
757,"https://jupyter.cn/2019/08/31/questionaire-44895671","1","1","1","100%"," 00:02:00",
758,"https://jupyter.cn/2019/07/09/questionaire-42448413","1","1","1","100%"," 00:00:06",
759,"https://jupyter.cn/2019/09/27/questionaire-46482223","1","1","1","100%"," 00:00:16",
760,"https://jupyter.cn/2019/08/14/questionaire-43977233","1","1","1","100%"," 00:10:30",
761,"https://jupyter.cn/2018/11/27/%E6%95%B0%E6%8D%AE%E5%88%86%E6%9E%90%E6%9C%8D%E5%8A%A1-Python-%E4%BA%8C%E9%98%B6%E6%B7%B7%E5%90%88%E4%B8%AD%E5%BF%83%E7%9F%A9","1","1","1","100%"," 00:00:15",
762,"https://jupyter.cn/2019/07/22/questionaire-42097675","1","1","1","100%"," 00:00:15",
763,"https://jupyter.cn/2019/08/06/questionaire-43408852","1","1","1","100%"," 00:02:00",
764,"https://jupyter.cn/2019/06/27/questionaire-41895481","1","1","1","100%"," 00:02:00",
765,"https://jupyter.cn/2019/10/08/questionaire-46910206","1","1","1","100%"," 00:00:18",
766,"https://jupyter.cn/2019/07/01/questionaire-41738333","1","1","1","100%"," 00:02:00",
767,"https://jupyter.cn/2019/05/24/questionaire-39755833","1","1","1","100%"," 00:02:00",
768,"http://www.jupyter.cn/2018/11/01/%E6%95%B0%E6%8D%AE%E5%88%86%E6%9E%90%E6%9C%8D%E5%8A%A1-Eviews-%E4%BA%A4%E4%BA%92%E6%95%88%E5%BA%94","1","1","1","100%"," 00:02:00",
769,"https://jupyter.cn/2019/09/12/questionaire-45626255","1","1","1","100%"," 00:00:10",
770,"https://jupyter.cn/2019/10/12/questionaire-47280096","1","1","1","100%"," 00:00:05",
771,"https://jupyter.cn/2019/08/16/questionaire-43598126","1","1","1","100%"," 00:00:07",
772,"http://www.jupyter.cn/2018/08/21/%E6%95%B0%E6%8D%AE%E5%88%86%E6%9E%90%E6%9C%8D%E5%8A%A1-Eviews-%E7%A6%BB%E6%95%A3%E5%9E%8B%E9%9A%8F%E6%9C%BA%E5%8F%98%E9%87%8F","1","1","1","100%"," 00:00:12",
773,"https://jupyter.cn/2019/10/19/questionaire-47765178","1","1","1","100%"," 00:00:06",
774,"https://jupyter.cn/2019/07/29/questionaire-43199748","1","1","1","100%"," 00:00:58",
775,"https://jupyter.cn/2019/08/26/questionaire-44581340","1","1","1","100%"," 00:05:16",
776,"https://jupyter.cn/2019/08/11/questionaire-43815699","1","1","1","100%"," 00:02:00",
777,"http://jupyter.cn/2018/11/29/%E6%95%B0%E6%8D%AE%E5%88%86%E6%9E%90%E6%9C%8D%E5%8A%A1-STATA-%E7%BA%BF%E6%80%A7%E8%A7%84%E5%88%92%E5%85%B8%E8%8C%83%E5%9E%8B.1","1","1","1","100%"," 00:00:25",
778,"https://jupyter.cn/tags/%E6%80%BB%E4%BD%93%C2%B7%E6%A0%B7%E6%9C%AC%C2%B7%E7%BB%9F%E8%AE%A1%E9%87%8F","1","1","1","100%"," 00:00:20",
779,"https://jupyter.cn/2018/11/28/%E6%95%B0%E6%8D%AE%E5%88%86%E6%9E%90%E6%9C%8D%E5%8A%A1-STATA-%E5%AD%A3%E8%8A%82%E5%9B%9E%E5%BD%92%E6%A8%A1%E5%9E%8B.1","1","1","1","100%"," 00:02:00",
780,"https://jupyter.cn/2018/09/02/%E6%95%B0%E6%8D%AE%E5%88%86%E6%9E%90%E6%9C%8D%E5%8A%A1-STATA-%E5%8D%8A%E6%95%B0%E6%95%88%E9%87%8F%E7%B4%AF%E8%AE%A1%E6%B3%95","1","1","1","100%"," 00:00:08",
781,"https://jupyter.cn/2019/09/17/questionaire-45744982","1","1","1","100%"," 00:00:08",
782,"https://jupyter.cn/2018/08/21/%E6%95%B0%E6%8D%AE%E5%88%86%E6%9E%90%E6%9C%8D%E5%8A%A1-Eviews-%E4%B8%80%E5%85%83%E6%9B%B2%E7%BA%BF%E5%9B%9E%E5%BD%92","1","1","1","100%"," 00:00:13",
783,"https://jupyter.cn/2019/07/05/questionaire-42367663","1","1","1","100%"," 00:00:12",
784,"http://www.jupyter.cn/2018/08/23/%E7%A8%8B%E5%BA%8F%E5%BC%80%E5%8F%91-psychopy-%E9%80%92%E5%A2%9E%E7%B3%BB%E5%88%97","1","1","1","100%"," 00:00:19",
785,"https://jupyter.cn/2019/11/13/questionaire-49622465","1","1","1","100%"," 00:02:00",
786,"https://jupyter.cn/2019/08/21/questionaire-44097745","1","1","1","100%"," 00:02:00",
787,"https://jupyter.cn/2018/11/01/%E6%95%B0%E6%8D%AE%E5%88%86%E6%9E%90%E6%9C%8D%E5%8A%A1-SPSS-%E6%9C%89%E7%95%8C%E5%8F%98%E9%87%8F","1","1","1","100%"," 00:00:20",
788,"https://jupyter.cn/2018/08/21/%E6%95%B0%E6%8D%AE%E5%88%86%E6%9E%90%E6%9C%8D%E5%8A%A1-SPSS-%E8%83%8C%E5%8C%85%E9%97%AE%E9%A2%98","1","1","1","100%"," 00:00:12",
789,"https://jupyter.cn/2019/11/06/questionaire-48921157","1","1","1","100%"," 00:12:49",
790,"https://jupyter.cn/2019/08/26/questionaire-URFJB3","1","1","1","100%"," 00:00:29",
791,"https://jupyter.cn/2019/07/15/questionaire-42785838","1","1","1","100%"," 00:00:37",
792,"https://jupyter.cn/2019/07/31/questionaire-43456259","1","1","1","100%"," 00:02:00",
793,"https://jupyter.cn/tags/%E6%A6%82%E5%BF%B5","1","1","1","100%"," 00:02:00",
794,"https://jupyter.cn/2019/09/17/questionaire-45774388","1","1","1","100%"," 00:00:07",
795,"https://jupyter.cn/2019/08/26/questionaire-reaYFfm","1","1","1","100%"," 00:00:17",
796,"未知","0","1","0","--","--",
797,"其他","6","1","6","100%"," 00:04:23",

